2026-01-11 18:40:45 - ai-support-hitl - INFO - sample_data_generation.py:15 - <module> - Connecting to MongoDB at localhost:27017 for sample data generation...
2026-01-11 18:40:45 - ai-support-hitl - INFO - sample_data_generation.py:23 - <module> - Defining collections for sample data generation...
2026-01-11 18:40:45 - ai-support-hitl - INFO - sample_data_generation.py:34 - <module> - Generating sample data...
2026-01-11 18:40:45 - ai-support-hitl - INFO - sample_data_generation.py:56 - <module> - Generating drafted sample data...
2026-01-11 18:40:45 - ai-support-hitl - INFO - sample_data_generation.py:81 - <module> - Generating solved sample data...
2026-01-11 18:40:45 - ai-support-hitl - INFO - sample_data_generation.py:109 - <module> - Generating escalated sample data...
2026-01-11 18:40:45 - ai-support-hitl - INFO - streamlit_app.py:6 - <module> - Starting Streamlit Application...
2026-01-11 18:40:45 - ai-support-hitl - INFO - streamlit_app.py:11 - init_data - Uploading sample data to the database...
2026-01-11 18:40:45 - ai-support-hitl - INFO - sample_data_generation.py:146 - upload_data - Uploading sample data to MongoDB...
2026-01-11 18:40:45 - ai-support-hitl - INFO - sample_data_generation.py:164 - upload_data - 40 documents successfully uploaded.
2026-01-11 18:40:45 - ai-support-hitl - INFO - streamlit_app.py:17 - <module> - Sample data upload complete. Launching main application...
2026-01-11 18:40:45 - ai-support-hitl - INFO - main.py:30 - main - Loading Environmental Variables...
2026-01-11 18:40:45 - ai-support-hitl - INFO - main.py:36 - main - Connecting to MongoDB...
2026-01-11 18:40:45 - ai-support-hitl - INFO - utils.py:43 - connect_mongo_db - Connecting to MongoDB collection: escalated_tickets
2026-01-11 18:40:45 - ai-support-hitl - INFO - main.py:52 - main - Setting up Streamlit page configuration...
2026-01-11 18:40:45 - ai-support-hitl - INFO - main.py:190 - main - Setting up AI-Support Dashboard...
2026-01-11 18:40:45 - ai-support-hitl - INFO - main.py:196 - main - Sidebar view selected: Escalated
2026-01-11 18:40:45 - ai-support-hitl - INFO - main.py:206 - main - Loading tickets based on selected view...
2026-01-11 18:40:45 - ai-support-hitl - INFO - main.py:144 - get_escalated_tickets - Fetching escalated tickets with limit: 10
2026-01-11 18:40:45 - ai-support-hitl - INFO - main.py:148 - get_escalated_tickets - Fetched 10 escalated tickets
2026-01-11 18:40:45 - ai-support-hitl - INFO - main.py:337 - main - Selected Escalated Ticket: TKT_0039
2026-01-11 18:40:45 - ai-support-hitl - INFO - utils.py:244 - fetch_similar_past_tickets - Fetching similar past tickets for issue: Urgent security breach or payment failure reported...
2026-01-11 18:40:45 - ai-support-hitl - INFO - utils.py:210 - connect_vector_db - Connecting to VectorDB collection: PreviousData
2026-01-11 18:40:46 - chromadb.telemetry.product.posthog - INFO - posthog.py:22 - __init__ - Anonymized telemetry enabled. See                     https://docs.trychroma.com/telemetry for more information.
2026-01-11 18:40:50 - httpx - INFO - _client.py:1025 - _send_single_request - HTTP Request: POST https://openrouter.ai/api/v1/embeddings "HTTP/1.1 402 Payment Required"
2026-01-11 18:40:50 - ai-support-hitl - ERROR - utils.py:251 - fetch_similar_past_tickets - Error fetching similar past tickets: Error code: 402 - {'error': {'message': 'Insufficient credits. This account never purchased credits. Make sure your key is on the correct account or org, and if so, purchase more at https://openrouter.ai/settings/credits', 'code': 402}}
2026-01-11 18:40:50 - ai-support-hitl - ERROR - main.py:710 - main - Error fetching similar past tickets: Error code: 402 - {'error': {'message': 'Insufficient credits. This account never purchased credits. Make sure your key is on the correct account or org, and if so, purchase more at https://openrouter.ai/settings/credits', 'code': 402}}
2026-01-11 18:40:50 - ai-support-hitl - INFO - utils.py:269 - fetch_similar_policy - Fetching similar policy for issue: Urgent security breach or payment failure reported...
2026-01-11 18:40:50 - ai-support-hitl - INFO - utils.py:210 - connect_vector_db - Connecting to VectorDB collection: Policy
2026-01-11 18:40:50 - httpx - INFO - _client.py:1025 - _send_single_request - HTTP Request: POST https://openrouter.ai/api/v1/embeddings "HTTP/1.1 402 Payment Required"
2026-01-11 18:40:50 - ai-support-hitl - ERROR - utils.py:276 - fetch_similar_policy - Error fetching similar policy: Error code: 402 - {'error': {'message': 'Insufficient credits. This account never purchased credits. Make sure your key is on the correct account or org, and if so, purchase more at https://openrouter.ai/settings/credits', 'code': 402}}
2026-01-11 18:40:50 - ai-support-hitl - ERROR - main.py:727 - main - Error fetching similar policy: Error code: 402 - {'error': {'message': 'Insufficient credits. This account never purchased credits. Make sure your key is on the correct account or org, and if so, purchase more at https://openrouter.ai/settings/credits', 'code': 402}}
2026-01-11 18:40:52 - ai-support-hitl - INFO - streamlit_app.py:6 - <module> - Starting Streamlit Application...
2026-01-11 18:40:52 - ai-support-hitl - INFO - streamlit_app.py:17 - <module> - Sample data upload complete. Launching main application...
2026-01-11 18:40:52 - ai-support-hitl - INFO - main.py:30 - main - Loading Environmental Variables...
2026-01-11 18:40:52 - ai-support-hitl - INFO - main.py:36 - main - Connecting to MongoDB...
2026-01-11 18:40:52 - ai-support-hitl - INFO - utils.py:43 - connect_mongo_db - Connecting to MongoDB collection: escalated_tickets
2026-01-11 18:40:52 - ai-support-hitl - INFO - main.py:52 - main - Setting up Streamlit page configuration...
2026-01-11 18:40:52 - ai-support-hitl - INFO - main.py:190 - main - Setting up AI-Support Dashboard...
2026-01-11 18:40:52 - ai-support-hitl - INFO - main.py:196 - main - Sidebar view selected: Escalated
2026-01-11 18:40:52 - ai-support-hitl - INFO - main.py:206 - main - Loading tickets based on selected view...
2026-01-11 18:40:52 - ai-support-hitl - INFO - main.py:144 - get_escalated_tickets - Fetching escalated tickets with limit: 10
2026-01-11 18:40:52 - ai-support-hitl - INFO - main.py:148 - get_escalated_tickets - Fetched 10 escalated tickets
2026-01-11 18:40:52 - ai-support-hitl - INFO - main.py:337 - main - Selected Escalated Ticket: TKT_0039
2026-01-11 18:40:52 - ai-support-hitl - INFO - utils.py:244 - fetch_similar_past_tickets - Fetching similar past tickets for issue: Urgent security breach or payment failure reported...
2026-01-11 18:40:52 - ai-support-hitl - INFO - utils.py:210 - connect_vector_db - Connecting to VectorDB collection: PreviousData
2026-01-11 18:40:52 - httpx - INFO - _client.py:1025 - _send_single_request - HTTP Request: POST https://openrouter.ai/api/v1/embeddings "HTTP/1.1 402 Payment Required"
2026-01-11 18:40:52 - ai-support-hitl - ERROR - utils.py:251 - fetch_similar_past_tickets - Error fetching similar past tickets: Error code: 402 - {'error': {'message': 'Insufficient credits. This account never purchased credits. Make sure your key is on the correct account or org, and if so, purchase more at https://openrouter.ai/settings/credits', 'code': 402}}
2026-01-11 18:40:52 - ai-support-hitl - ERROR - main.py:710 - main - Error fetching similar past tickets: Error code: 402 - {'error': {'message': 'Insufficient credits. This account never purchased credits. Make sure your key is on the correct account or org, and if so, purchase more at https://openrouter.ai/settings/credits', 'code': 402}}
2026-01-11 18:40:52 - ai-support-hitl - INFO - utils.py:269 - fetch_similar_policy - Fetching similar policy for issue: Urgent security breach or payment failure reported...
2026-01-11 18:40:52 - ai-support-hitl - INFO - utils.py:210 - connect_vector_db - Connecting to VectorDB collection: Policy
2026-01-11 18:40:52 - httpx - INFO - _client.py:1025 - _send_single_request - HTTP Request: POST https://openrouter.ai/api/v1/embeddings "HTTP/1.1 402 Payment Required"
2026-01-11 18:40:52 - ai-support-hitl - ERROR - utils.py:276 - fetch_similar_policy - Error fetching similar policy: Error code: 402 - {'error': {'message': 'Insufficient credits. This account never purchased credits. Make sure your key is on the correct account or org, and if so, purchase more at https://openrouter.ai/settings/credits', 'code': 402}}
2026-01-11 18:40:52 - ai-support-hitl - ERROR - main.py:727 - main - Error fetching similar policy: Error code: 402 - {'error': {'message': 'Insufficient credits. This account never purchased credits. Make sure your key is on the correct account or org, and if so, purchase more at https://openrouter.ai/settings/credits', 'code': 402}}
2026-01-11 18:45:46 - ai-support-hitl - INFO - sample_data_generation.py:15 - <module> - Connecting to MongoDB at localhost:27017 for sample data generation...
2026-01-11 18:45:46 - ai-support-hitl - INFO - sample_data_generation.py:23 - <module> - Defining collections for sample data generation...
2026-01-11 18:45:46 - ai-support-hitl - INFO - sample_data_generation.py:34 - <module> - Generating sample data...
2026-01-11 18:45:46 - ai-support-hitl - INFO - sample_data_generation.py:56 - <module> - Generating drafted sample data...
2026-01-11 18:45:46 - ai-support-hitl - INFO - sample_data_generation.py:81 - <module> - Generating solved sample data...
2026-01-11 18:45:46 - ai-support-hitl - INFO - sample_data_generation.py:109 - <module> - Generating escalated sample data...
2026-01-11 18:45:46 - ai-support-hitl - INFO - streamlit_app.py:6 - <module> - Starting Streamlit Application...
2026-01-11 18:45:46 - ai-support-hitl - INFO - streamlit_app.py:11 - init_data - Uploading sample data to the database...
2026-01-11 18:45:46 - ai-support-hitl - INFO - sample_data_generation.py:146 - upload_data - Uploading sample data to MongoDB...
2026-01-11 18:45:46 - ai-support-hitl - INFO - sample_data_generation.py:164 - upload_data - 40 documents successfully uploaded.
2026-01-11 18:45:46 - ai-support-hitl - INFO - streamlit_app.py:17 - <module> - Sample data upload complete. Launching main application...
2026-01-11 18:45:46 - ai-support-hitl - INFO - main.py:31 - main - Loading Environmental Variables...
2026-01-11 18:45:46 - ai-support-hitl - INFO - main.py:37 - main - Connecting to MongoDB...
2026-01-11 18:45:46 - ai-support-hitl - INFO - utils.py:43 - connect_mongo_db - Connecting to MongoDB collection: escalated_tickets
2026-01-11 18:45:46 - ai-support-hitl - INFO - main.py:60 - main - Setting up Streamlit page configuration...
2026-01-11 18:45:46 - ai-support-hitl - INFO - main.py:198 - main - Setting up AI-Support Dashboard...
2026-01-11 18:45:46 - ai-support-hitl - INFO - main.py:204 - main - Sidebar view selected: Escalated
2026-01-11 18:45:46 - ai-support-hitl - INFO - main.py:214 - main - Loading tickets based on selected view...
2026-01-11 18:45:46 - ai-support-hitl - INFO - main.py:152 - get_escalated_tickets - Fetching escalated tickets with limit: 10
2026-01-11 18:45:46 - ai-support-hitl - INFO - main.py:156 - get_escalated_tickets - Fetched 10 escalated tickets
2026-01-11 18:45:46 - ai-support-hitl - INFO - main.py:351 - main - Selected Escalated Ticket: TKT_0039
2026-01-11 18:45:46 - ai-support-hitl - INFO - utils.py:244 - fetch_similar_past_tickets - Fetching similar past tickets for issue: Urgent security breach or payment failure reported...
2026-01-11 18:45:46 - ai-support-hitl - INFO - utils.py:210 - connect_vector_db - Connecting to VectorDB collection: PreviousData
2026-01-11 18:45:48 - chromadb.telemetry.product.posthog - INFO - posthog.py:22 - __init__ - Anonymized telemetry enabled. See                     https://docs.trychroma.com/telemetry for more information.
2026-01-11 18:45:52 - httpx - INFO - _client.py:1025 - _send_single_request - HTTP Request: POST https://openrouter.ai/api/v1/embeddings "HTTP/1.1 402 Payment Required"
2026-01-11 18:45:52 - ai-support-hitl - ERROR - utils.py:251 - fetch_similar_past_tickets - Error fetching similar past tickets: Error code: 402 - {'error': {'message': 'Insufficient credits. This account never purchased credits. Make sure your key is on the correct account or org, and if so, purchase more at https://openrouter.ai/settings/credits', 'code': 402}}
2026-01-11 18:45:52 - ai-support-hitl - ERROR - main.py:724 - main - Error fetching similar past tickets: Error code: 402 - {'error': {'message': 'Insufficient credits. This account never purchased credits. Make sure your key is on the correct account or org, and if so, purchase more at https://openrouter.ai/settings/credits', 'code': 402}}
2026-01-11 18:45:52 - ai-support-hitl - INFO - utils.py:269 - fetch_similar_policy - Fetching similar policy for issue: Urgent security breach or payment failure reported...
2026-01-11 18:45:52 - ai-support-hitl - INFO - utils.py:210 - connect_vector_db - Connecting to VectorDB collection: Policy
2026-01-11 18:45:52 - httpx - INFO - _client.py:1025 - _send_single_request - HTTP Request: POST https://openrouter.ai/api/v1/embeddings "HTTP/1.1 402 Payment Required"
2026-01-11 18:45:52 - ai-support-hitl - ERROR - utils.py:276 - fetch_similar_policy - Error fetching similar policy: Error code: 402 - {'error': {'message': 'Insufficient credits. This account never purchased credits. Make sure your key is on the correct account or org, and if so, purchase more at https://openrouter.ai/settings/credits', 'code': 402}}
2026-01-11 18:45:52 - ai-support-hitl - ERROR - main.py:741 - main - Error fetching similar policy: Error code: 402 - {'error': {'message': 'Insufficient credits. This account never purchased credits. Make sure your key is on the correct account or org, and if so, purchase more at https://openrouter.ai/settings/credits', 'code': 402}}
2026-01-11 18:46:54 - ai-support-hitl - INFO - streamlit_app.py:6 - <module> - Starting Streamlit Application...
2026-01-11 18:46:54 - ai-support-hitl - INFO - streamlit_app.py:17 - <module> - Sample data upload complete. Launching main application...
2026-01-11 18:46:54 - ai-support-hitl - INFO - main.py:31 - main - Loading Environmental Variables...
2026-01-11 18:46:54 - ai-support-hitl - INFO - main.py:37 - main - Connecting to MongoDB...
2026-01-11 18:46:54 - ai-support-hitl - INFO - utils.py:43 - connect_mongo_db - Connecting to MongoDB collection: escalated_tickets
2026-01-11 18:46:54 - ai-support-hitl - INFO - main.py:60 - main - Setting up Streamlit page configuration...
2026-01-11 18:46:54 - ai-support-hitl - INFO - main.py:198 - main - Setting up AI-Support Dashboard...
2026-01-11 18:46:54 - ai-support-hitl - INFO - main.py:204 - main - Sidebar view selected: Raise Ticket
2026-01-11 18:46:54 - ai-support-hitl - INFO - main.py:214 - main - Loading tickets based on selected view...
2026-01-11 18:47:15 - ai-support-hitl - INFO - streamlit_app.py:6 - <module> - Starting Streamlit Application...
2026-01-11 18:47:15 - ai-support-hitl - INFO - streamlit_app.py:17 - <module> - Sample data upload complete. Launching main application...
2026-01-11 18:47:15 - ai-support-hitl - INFO - main.py:31 - main - Loading Environmental Variables...
2026-01-11 18:47:15 - ai-support-hitl - INFO - main.py:37 - main - Connecting to MongoDB...
2026-01-11 18:47:15 - ai-support-hitl - INFO - utils.py:43 - connect_mongo_db - Connecting to MongoDB collection: escalated_tickets
2026-01-11 18:47:15 - ai-support-hitl - INFO - main.py:60 - main - Setting up Streamlit page configuration...
2026-01-11 18:47:15 - ai-support-hitl - INFO - main.py:198 - main - Setting up AI-Support Dashboard...
2026-01-11 18:47:15 - ai-support-hitl - INFO - main.py:204 - main - Sidebar view selected: Raise Ticket
2026-01-11 18:47:15 - ai-support-hitl - INFO - main.py:214 - main - Loading tickets based on selected view...
2026-01-11 18:47:20 - ai-support-hitl - INFO - streamlit_app.py:6 - <module> - Starting Streamlit Application...
2026-01-11 18:47:20 - ai-support-hitl - INFO - streamlit_app.py:17 - <module> - Sample data upload complete. Launching main application...
2026-01-11 18:47:20 - ai-support-hitl - INFO - main.py:31 - main - Loading Environmental Variables...
2026-01-11 18:47:20 - ai-support-hitl - INFO - main.py:37 - main - Connecting to MongoDB...
2026-01-11 18:47:20 - ai-support-hitl - INFO - utils.py:43 - connect_mongo_db - Connecting to MongoDB collection: escalated_tickets
2026-01-11 18:47:20 - ai-support-hitl - INFO - main.py:60 - main - Setting up Streamlit page configuration...
2026-01-11 18:47:20 - ai-support-hitl - INFO - main.py:198 - main - Setting up AI-Support Dashboard...
2026-01-11 18:47:20 - ai-support-hitl - INFO - main.py:204 - main - Sidebar view selected: Raise Ticket
2026-01-11 18:47:20 - ai-support-hitl - INFO - main.py:214 - main - Loading tickets based on selected view...
2026-01-11 18:47:27 - ai-support-hitl - INFO - streamlit_app.py:6 - <module> - Starting Streamlit Application...
2026-01-11 18:47:27 - ai-support-hitl - INFO - streamlit_app.py:17 - <module> - Sample data upload complete. Launching main application...
2026-01-11 18:47:27 - ai-support-hitl - INFO - main.py:31 - main - Loading Environmental Variables...
2026-01-11 18:47:27 - ai-support-hitl - INFO - main.py:37 - main - Connecting to MongoDB...
2026-01-11 18:47:27 - ai-support-hitl - INFO - utils.py:43 - connect_mongo_db - Connecting to MongoDB collection: escalated_tickets
2026-01-11 18:47:27 - ai-support-hitl - INFO - main.py:60 - main - Setting up Streamlit page configuration...
2026-01-11 18:47:27 - ai-support-hitl - INFO - main.py:198 - main - Setting up AI-Support Dashboard...
2026-01-11 18:47:27 - ai-support-hitl - INFO - main.py:204 - main - Sidebar view selected: Pending
2026-01-11 18:47:27 - ai-support-hitl - INFO - main.py:214 - main - Loading tickets based on selected view...
2026-01-11 18:47:27 - ai-support-hitl - INFO - main.py:77 - get_pending_tickets - Fetching pending tickets with limit: 10
2026-01-11 18:47:27 - ai-support-hitl - INFO - main.py:81 - get_pending_tickets - Fetched 10 pending tickets
2026-01-11 18:47:27 - ai-support-hitl - INFO - main.py:341 - main - Selected Pending Ticket: TKT_0009
2026-01-11 18:47:27 - ai-support-hitl - INFO - utils.py:244 - fetch_similar_past_tickets - Fetching similar past tickets for issue: Network connectivity issue reported by user 9...
2026-01-11 18:47:27 - ai-support-hitl - INFO - utils.py:210 - connect_vector_db - Connecting to VectorDB collection: PreviousData
2026-01-11 18:47:27 - httpx - INFO - _client.py:1025 - _send_single_request - HTTP Request: POST https://openrouter.ai/api/v1/embeddings "HTTP/1.1 402 Payment Required"
2026-01-11 18:47:27 - ai-support-hitl - ERROR - utils.py:251 - fetch_similar_past_tickets - Error fetching similar past tickets: Error code: 402 - {'error': {'message': 'Insufficient credits. This account never purchased credits. Make sure your key is on the correct account or org, and if so, purchase more at https://openrouter.ai/settings/credits', 'code': 402}}
2026-01-11 18:47:27 - ai-support-hitl - ERROR - main.py:505 - main - Error fetching similar past tickets: Error code: 402 - {'error': {'message': 'Insufficient credits. This account never purchased credits. Make sure your key is on the correct account or org, and if so, purchase more at https://openrouter.ai/settings/credits', 'code': 402}}
2026-01-11 18:47:27 - ai-support-hitl - INFO - utils.py:269 - fetch_similar_policy - Fetching similar policy for issue: Network connectivity issue reported by user 9...
2026-01-11 18:47:27 - ai-support-hitl - INFO - utils.py:210 - connect_vector_db - Connecting to VectorDB collection: Policy
2026-01-11 18:47:27 - httpx - INFO - _client.py:1025 - _send_single_request - HTTP Request: POST https://openrouter.ai/api/v1/embeddings "HTTP/1.1 402 Payment Required"
2026-01-11 18:47:27 - ai-support-hitl - ERROR - utils.py:276 - fetch_similar_policy - Error fetching similar policy: Error code: 402 - {'error': {'message': 'Insufficient credits. This account never purchased credits. Make sure your key is on the correct account or org, and if so, purchase more at https://openrouter.ai/settings/credits', 'code': 402}}
2026-01-11 18:47:27 - ai-support-hitl - ERROR - main.py:522 - main - Error fetching similar policy: Error code: 402 - {'error': {'message': 'Insufficient credits. This account never purchased credits. Make sure your key is on the correct account or org, and if so, purchase more at https://openrouter.ai/settings/credits', 'code': 402}}
2026-01-11 18:47:31 - ai-support-hitl - INFO - streamlit_app.py:6 - <module> - Starting Streamlit Application...
2026-01-11 18:47:31 - ai-support-hitl - INFO - streamlit_app.py:17 - <module> - Sample data upload complete. Launching main application...
2026-01-11 18:47:31 - ai-support-hitl - INFO - main.py:31 - main - Loading Environmental Variables...
2026-01-11 18:47:31 - ai-support-hitl - INFO - main.py:37 - main - Connecting to MongoDB...
2026-01-11 18:47:31 - ai-support-hitl - INFO - utils.py:43 - connect_mongo_db - Connecting to MongoDB collection: escalated_tickets
2026-01-11 18:47:31 - ai-support-hitl - INFO - main.py:60 - main - Setting up Streamlit page configuration...
2026-01-11 18:47:31 - ai-support-hitl - INFO - main.py:198 - main - Setting up AI-Support Dashboard...
2026-01-11 18:47:31 - ai-support-hitl - INFO - main.py:204 - main - Sidebar view selected: Pending
2026-01-11 18:47:31 - ai-support-hitl - INFO - main.py:214 - main - Loading tickets based on selected view...
2026-01-11 18:47:31 - ai-support-hitl - INFO - main.py:77 - get_pending_tickets - Fetching pending tickets with limit: 10
2026-01-11 18:47:31 - ai-support-hitl - INFO - main.py:81 - get_pending_tickets - Fetched 10 pending tickets
2026-01-11 18:47:31 - ai-support-hitl - INFO - main.py:228 - main - Loading more pending tickets
2026-01-11 18:47:31 - ai-support-hitl - INFO - streamlit_app.py:6 - <module> - Starting Streamlit Application...
2026-01-11 18:47:31 - ai-support-hitl - INFO - streamlit_app.py:17 - <module> - Sample data upload complete. Launching main application...
2026-01-11 18:47:31 - ai-support-hitl - INFO - main.py:31 - main - Loading Environmental Variables...
2026-01-11 18:47:31 - ai-support-hitl - INFO - main.py:37 - main - Connecting to MongoDB...
2026-01-11 18:47:31 - ai-support-hitl - INFO - utils.py:43 - connect_mongo_db - Connecting to MongoDB collection: escalated_tickets
2026-01-11 18:47:31 - ai-support-hitl - INFO - main.py:60 - main - Setting up Streamlit page configuration...
2026-01-11 18:47:31 - ai-support-hitl - INFO - main.py:198 - main - Setting up AI-Support Dashboard...
2026-01-11 18:47:31 - ai-support-hitl - INFO - main.py:204 - main - Sidebar view selected: Pending
2026-01-11 18:47:31 - ai-support-hitl - INFO - main.py:214 - main - Loading tickets based on selected view...
2026-01-11 18:47:31 - ai-support-hitl - INFO - main.py:77 - get_pending_tickets - Fetching pending tickets with limit: 20
2026-01-11 18:47:31 - ai-support-hitl - INFO - main.py:81 - get_pending_tickets - Fetched 11 pending tickets
2026-01-11 18:47:31 - ai-support-hitl - INFO - main.py:341 - main - Selected Pending Ticket: TKT_0001
2026-01-11 18:47:31 - ai-support-hitl - INFO - utils.py:244 - fetch_similar_past_tickets - Fetching similar past tickets for issue: Network connectivity issue reported by user 1...
2026-01-11 18:47:31 - ai-support-hitl - INFO - utils.py:210 - connect_vector_db - Connecting to VectorDB collection: PreviousData
2026-01-11 18:47:31 - httpx - INFO - _client.py:1025 - _send_single_request - HTTP Request: POST https://openrouter.ai/api/v1/embeddings "HTTP/1.1 402 Payment Required"
2026-01-11 18:47:31 - ai-support-hitl - ERROR - utils.py:251 - fetch_similar_past_tickets - Error fetching similar past tickets: Error code: 402 - {'error': {'message': 'Insufficient credits. This account never purchased credits. Make sure your key is on the correct account or org, and if so, purchase more at https://openrouter.ai/settings/credits', 'code': 402}}
2026-01-11 18:47:31 - ai-support-hitl - ERROR - main.py:505 - main - Error fetching similar past tickets: Error code: 402 - {'error': {'message': 'Insufficient credits. This account never purchased credits. Make sure your key is on the correct account or org, and if so, purchase more at https://openrouter.ai/settings/credits', 'code': 402}}
2026-01-11 18:47:31 - ai-support-hitl - INFO - utils.py:269 - fetch_similar_policy - Fetching similar policy for issue: Network connectivity issue reported by user 1...
2026-01-11 18:47:31 - ai-support-hitl - INFO - utils.py:210 - connect_vector_db - Connecting to VectorDB collection: Policy
2026-01-11 18:47:31 - httpx - INFO - _client.py:1025 - _send_single_request - HTTP Request: POST https://openrouter.ai/api/v1/embeddings "HTTP/1.1 402 Payment Required"
2026-01-11 18:47:31 - ai-support-hitl - ERROR - utils.py:276 - fetch_similar_policy - Error fetching similar policy: Error code: 402 - {'error': {'message': 'Insufficient credits. This account never purchased credits. Make sure your key is on the correct account or org, and if so, purchase more at https://openrouter.ai/settings/credits', 'code': 402}}
2026-01-11 18:47:31 - ai-support-hitl - ERROR - main.py:522 - main - Error fetching similar policy: Error code: 402 - {'error': {'message': 'Insufficient credits. This account never purchased credits. Make sure your key is on the correct account or org, and if so, purchase more at https://openrouter.ai/settings/credits', 'code': 402}}
2026-01-11 18:47:36 - ai-support-hitl - INFO - streamlit_app.py:6 - <module> - Starting Streamlit Application...
2026-01-11 18:47:36 - ai-support-hitl - INFO - streamlit_app.py:17 - <module> - Sample data upload complete. Launching main application...
2026-01-11 18:47:36 - ai-support-hitl - INFO - main.py:31 - main - Loading Environmental Variables...
2026-01-11 18:47:36 - ai-support-hitl - INFO - main.py:37 - main - Connecting to MongoDB...
2026-01-11 18:47:36 - ai-support-hitl - INFO - utils.py:43 - connect_mongo_db - Connecting to MongoDB collection: escalated_tickets
2026-01-11 18:47:36 - ai-support-hitl - INFO - main.py:60 - main - Setting up Streamlit page configuration...
2026-01-11 18:47:36 - ai-support-hitl - INFO - main.py:198 - main - Setting up AI-Support Dashboard...
2026-01-11 18:47:36 - ai-support-hitl - INFO - main.py:204 - main - Sidebar view selected: Drafted
2026-01-11 18:47:37 - ai-support-hitl - INFO - main.py:214 - main - Loading tickets based on selected view...
2026-01-11 18:47:37 - ai-support-hitl - INFO - main.py:128 - get_drafted_tickets - Fetching drafted tickets with limit: 10
2026-01-11 18:47:37 - ai-support-hitl - INFO - main.py:132 - get_drafted_tickets - Fetched 10 drafted tickets
2026-01-11 18:47:37 - ai-support-hitl - INFO - main.py:346 - main - Selected Drafted Ticket: TKT_0019
2026-01-11 18:47:37 - ai-support-hitl - INFO - utils.py:244 - fetch_similar_past_tickets - Fetching similar past tickets for issue: Request for account upgrade - Tier 9...
2026-01-11 18:47:37 - ai-support-hitl - INFO - utils.py:210 - connect_vector_db - Connecting to VectorDB collection: PreviousData
2026-01-11 18:47:37 - httpx - INFO - _client.py:1025 - _send_single_request - HTTP Request: POST https://openrouter.ai/api/v1/embeddings "HTTP/1.1 402 Payment Required"
2026-01-11 18:47:37 - ai-support-hitl - ERROR - utils.py:251 - fetch_similar_past_tickets - Error fetching similar past tickets: Error code: 402 - {'error': {'message': 'Insufficient credits. This account never purchased credits. Make sure your key is on the correct account or org, and if so, purchase more at https://openrouter.ai/settings/credits', 'code': 402}}
2026-01-11 18:47:37 - ai-support-hitl - ERROR - main.py:619 - main - Error fetching similar past tickets: Error code: 402 - {'error': {'message': 'Insufficient credits. This account never purchased credits. Make sure your key is on the correct account or org, and if so, purchase more at https://openrouter.ai/settings/credits', 'code': 402}}
2026-01-11 18:47:37 - ai-support-hitl - INFO - utils.py:269 - fetch_similar_policy - Fetching similar policy for issue: Request for account upgrade - Tier 9...
2026-01-11 18:47:37 - ai-support-hitl - INFO - utils.py:210 - connect_vector_db - Connecting to VectorDB collection: Policy
2026-01-11 18:47:37 - httpx - INFO - _client.py:1025 - _send_single_request - HTTP Request: POST https://openrouter.ai/api/v1/embeddings "HTTP/1.1 402 Payment Required"
2026-01-11 18:47:37 - ai-support-hitl - ERROR - utils.py:276 - fetch_similar_policy - Error fetching similar policy: Error code: 402 - {'error': {'message': 'Insufficient credits. This account never purchased credits. Make sure your key is on the correct account or org, and if so, purchase more at https://openrouter.ai/settings/credits', 'code': 402}}
2026-01-11 18:47:37 - ai-support-hitl - ERROR - main.py:637 - main - Error fetching similar policy: Error code: 402 - {'error': {'message': 'Insufficient credits. This account never purchased credits. Make sure your key is on the correct account or org, and if so, purchase more at https://openrouter.ai/settings/credits', 'code': 402}}
2026-07-13 19:17:27 - ai-support-hitl - INFO - sample_data_generation.py:15 - <module> - Connecting to MongoDB at localhost:27017 for sample data generation...
2026-07-13 19:17:27 - ai-support-hitl - INFO - sample_data_generation.py:23 - <module> - Defining collections for sample data generation...
2026-07-13 19:17:27 - ai-support-hitl - INFO - sample_data_generation.py:34 - <module> - Generating sample data...
2026-07-13 19:17:27 - ai-support-hitl - INFO - sample_data_generation.py:56 - <module> - Generating drafted sample data...
2026-07-13 19:17:27 - ai-support-hitl - INFO - sample_data_generation.py:81 - <module> - Generating solved sample data...
2026-07-13 19:17:27 - ai-support-hitl - INFO - sample_data_generation.py:109 - <module> - Generating escalated sample data...
2026-07-13 19:17:27 - ai-support-hitl - INFO - streamlit_app.py:6 - <module> - Starting Streamlit Application...
2026-07-13 19:17:27 - ai-support-hitl - INFO - streamlit_app.py:11 - init_data - Uploading sample data to the database...
2026-07-13 19:17:27 - ai-support-hitl - INFO - sample_data_generation.py:146 - upload_data - Uploading sample data to MongoDB...
2026-07-13 19:17:27 - ai-support-hitl - INFO - sample_data_generation.py:164 - upload_data - 40 documents successfully uploaded.
2026-07-13 19:17:27 - ai-support-hitl - INFO - streamlit_app.py:17 - <module> - Sample data upload complete. Launching main application...
2026-07-13 19:17:27 - ai-support-hitl - INFO - main.py:31 - main - Loading Environmental Variables...
2026-07-13 19:17:27 - ai-support-hitl - INFO - main.py:37 - main - Connecting to MongoDB...
2026-07-13 19:17:27 - ai-support-hitl - INFO - utils.py:43 - connect_mongo_db - Connecting to MongoDB collection: escalated_tickets
2026-07-13 19:17:27 - ai-support-hitl - INFO - main.py:64 - main - Setting up Streamlit page configuration...
2026-07-13 19:17:27 - ai-support-hitl - INFO - main.py:202 - main - Setting up AI-Support Dashboard...
2026-07-13 19:17:27 - ai-support-hitl - INFO - main.py:208 - main - Sidebar view selected: Escalated
2026-07-13 19:17:27 - ai-support-hitl - INFO - main.py:218 - main - Loading tickets based on selected view...
2026-07-13 19:17:27 - ai-support-hitl - INFO - main.py:156 - get_escalated_tickets - Fetching escalated tickets with limit: 10
2026-07-13 19:17:27 - ai-support-hitl - INFO - main.py:160 - get_escalated_tickets - Fetched 10 escalated tickets
2026-07-13 19:17:27 - ai-support-hitl - INFO - main.py:355 - main - Selected Escalated Ticket: TKT_0039
2026-07-13 19:17:27 - ai-support-hitl - INFO - utils.py:244 - fetch_similar_past_tickets - Fetching similar past tickets for issue: Urgent security breach or payment failure reported...
2026-07-13 19:17:27 - ai-support-hitl - INFO - utils.py:210 - connect_vector_db - Connecting to VectorDB collection: PreviousData
2026-07-13 19:17:28 - chromadb.telemetry.product.posthog - INFO - posthog.py:22 - __init__ - Anonymized telemetry enabled. See                     https://docs.trychroma.com/telemetry for more information.
2026-07-13 19:17:33 - httpx - INFO - _client.py:1025 - _send_single_request - HTTP Request: POST https://openrouter.ai/api/v1/embeddings "HTTP/1.1 402 Payment Required"
2026-07-13 19:17:33 - ai-support-hitl - ERROR - utils.py:251 - fetch_similar_past_tickets - Error fetching similar past tickets: Error code: 402 - {'error': {'message': 'Insufficient credits. This account never purchased credits. Make sure your key is on the correct account or org, and if so, purchase more at https://openrouter.ai/settings/credits', 'code': 402}}
2026-07-13 19:17:33 - ai-support-hitl - ERROR - main.py:728 - main - Error fetching similar past tickets: Error code: 402 - {'error': {'message': 'Insufficient credits. This account never purchased credits. Make sure your key is on the correct account or org, and if so, purchase more at https://openrouter.ai/settings/credits', 'code': 402}}
2026-07-13 19:17:33 - ai-support-hitl - INFO - utils.py:269 - fetch_similar_policy - Fetching similar policy for issue: Urgent security breach or payment failure reported...
2026-07-13 19:17:33 - ai-support-hitl - INFO - utils.py:210 - connect_vector_db - Connecting to VectorDB collection: Policy
2026-07-13 19:17:34 - httpx - INFO - _client.py:1025 - _send_single_request - HTTP Request: POST https://openrouter.ai/api/v1/embeddings "HTTP/1.1 402 Payment Required"
2026-07-13 19:17:34 - ai-support-hitl - ERROR - utils.py:276 - fetch_similar_policy - Error fetching similar policy: Error code: 402 - {'error': {'message': 'Insufficient credits. This account never purchased credits. Make sure your key is on the correct account or org, and if so, purchase more at https://openrouter.ai/settings/credits', 'code': 402}}
2026-07-13 19:17:34 - ai-support-hitl - ERROR - main.py:745 - main - Error fetching similar policy: Error code: 402 - {'error': {'message': 'Insufficient credits. This account never purchased credits. Make sure your key is on the correct account or org, and if so, purchase more at https://openrouter.ai/settings/credits', 'code': 402}}
2026-07-13 19:17:43 - ai-support-hitl - INFO - streamlit_app.py:6 - <module> - Starting Streamlit Application...
2026-07-13 19:17:43 - ai-support-hitl - INFO - streamlit_app.py:17 - <module> - Sample data upload complete. Launching main application...
2026-07-13 19:17:43 - ai-support-hitl - INFO - main.py:31 - main - Loading Environmental Variables...
2026-07-13 19:17:43 - ai-support-hitl - INFO - main.py:37 - main - Connecting to MongoDB...
2026-07-13 19:17:43 - ai-support-hitl - INFO - utils.py:43 - connect_mongo_db - Connecting to MongoDB collection: escalated_tickets
2026-07-13 19:17:43 - ai-support-hitl - INFO - main.py:64 - main - Setting up Streamlit page configuration...
2026-07-13 19:17:43 - ai-support-hitl - INFO - main.py:202 - main - Setting up AI-Support Dashboard...
2026-07-13 19:17:43 - ai-support-hitl - INFO - main.py:208 - main - Sidebar view selected: Pending
2026-07-13 19:17:43 - ai-support-hitl - INFO - main.py:218 - main - Loading tickets based on selected view...
2026-07-13 19:17:43 - ai-support-hitl - INFO - main.py:81 - get_pending_tickets - Fetching pending tickets with limit: 10
2026-07-13 19:17:43 - ai-support-hitl - INFO - main.py:85 - get_pending_tickets - Fetched 10 pending tickets
2026-07-13 19:17:43 - ai-support-hitl - INFO - main.py:345 - main - Selected Pending Ticket: TKT_0009
2026-07-13 19:17:43 - ai-support-hitl - INFO - utils.py:244 - fetch_similar_past_tickets - Fetching similar past tickets for issue: Network connectivity issue reported by user 9...
2026-07-13 19:17:43 - ai-support-hitl - INFO - utils.py:210 - connect_vector_db - Connecting to VectorDB collection: PreviousData
2026-07-13 19:17:43 - httpx - INFO - _client.py:1025 - _send_single_request - HTTP Request: POST https://openrouter.ai/api/v1/embeddings "HTTP/1.1 402 Payment Required"
2026-07-13 19:17:43 - ai-support-hitl - ERROR - utils.py:251 - fetch_similar_past_tickets - Error fetching similar past tickets: Error code: 402 - {'error': {'message': 'Insufficient credits. This account never purchased credits. Make sure your key is on the correct account or org, and if so, purchase more at https://openrouter.ai/settings/credits', 'code': 402}}
2026-07-13 19:17:43 - ai-support-hitl - ERROR - main.py:509 - main - Error fetching similar past tickets: Error code: 402 - {'error': {'message': 'Insufficient credits. This account never purchased credits. Make sure your key is on the correct account or org, and if so, purchase more at https://openrouter.ai/settings/credits', 'code': 402}}
2026-07-13 19:17:43 - ai-support-hitl - INFO - utils.py:269 - fetch_similar_policy - Fetching similar policy for issue: Network connectivity issue reported by user 9...
2026-07-13 19:17:43 - ai-support-hitl - INFO - utils.py:210 - connect_vector_db - Connecting to VectorDB collection: Policy
2026-07-13 19:17:44 - httpx - INFO - _client.py:1025 - _send_single_request - HTTP Request: POST https://openrouter.ai/api/v1/embeddings "HTTP/1.1 402 Payment Required"
2026-07-13 19:17:44 - ai-support-hitl - ERROR - utils.py:276 - fetch_similar_policy - Error fetching similar policy: Error code: 402 - {'error': {'message': 'Insufficient credits. This account never purchased credits. Make sure your key is on the correct account or org, and if so, purchase more at https://openrouter.ai/settings/credits', 'code': 402}}
2026-07-13 19:17:44 - ai-support-hitl - ERROR - main.py:526 - main - Error fetching similar policy: Error code: 402 - {'error': {'message': 'Insufficient credits. This account never purchased credits. Make sure your key is on the correct account or org, and if so, purchase more at https://openrouter.ai/settings/credits', 'code': 402}}
2026-07-13 19:17:45 - ai-support-hitl - INFO - streamlit_app.py:6 - <module> - Starting Streamlit Application...
2026-07-13 19:17:45 - ai-support-hitl - INFO - streamlit_app.py:17 - <module> - Sample data upload complete. Launching main application...
2026-07-13 19:17:45 - ai-support-hitl - INFO - main.py:31 - main - Loading Environmental Variables...
2026-07-13 19:17:45 - ai-support-hitl - INFO - main.py:37 - main - Connecting to MongoDB...
2026-07-13 19:17:45 - ai-support-hitl - INFO - utils.py:43 - connect_mongo_db - Connecting to MongoDB collection: escalated_tickets
2026-07-13 19:17:45 - ai-support-hitl - INFO - main.py:64 - main - Setting up Streamlit page configuration...
2026-07-13 19:17:45 - ai-support-hitl - INFO - main.py:202 - main - Setting up AI-Support Dashboard...
2026-07-13 19:17:45 - ai-support-hitl - INFO - main.py:208 - main - Sidebar view selected: Drafted
2026-07-13 19:17:45 - ai-support-hitl - INFO - main.py:218 - main - Loading tickets based on selected view...
2026-07-13 19:17:45 - ai-support-hitl - INFO - main.py:132 - get_drafted_tickets - Fetching drafted tickets with limit: 10
2026-07-13 19:17:46 - ai-support-hitl - INFO - main.py:136 - get_drafted_tickets - Fetched 10 drafted tickets
2026-07-13 19:17:46 - ai-support-hitl - INFO - main.py:350 - main - Selected Drafted Ticket: TKT_0019
2026-07-13 19:17:46 - ai-support-hitl - INFO - utils.py:244 - fetch_similar_past_tickets - Fetching similar past tickets for issue: Request for account upgrade - Tier 9...
2026-07-13 19:17:46 - ai-support-hitl - INFO - utils.py:210 - connect_vector_db - Connecting to VectorDB collection: PreviousData
2026-07-13 19:17:46 - httpx - INFO - _client.py:1025 - _send_single_request - HTTP Request: POST https://openrouter.ai/api/v1/embeddings "HTTP/1.1 402 Payment Required"
2026-07-13 19:17:46 - ai-support-hitl - ERROR - utils.py:251 - fetch_similar_past_tickets - Error fetching similar past tickets: Error code: 402 - {'error': {'message': 'Insufficient credits. This account never purchased credits. Make sure your key is on the correct account or org, and if so, purchase more at https://openrouter.ai/settings/credits', 'code': 402}}
2026-07-13 19:17:46 - ai-support-hitl - ERROR - main.py:623 - main - Error fetching similar past tickets: Error code: 402 - {'error': {'message': 'Insufficient credits. This account never purchased credits. Make sure your key is on the correct account or org, and if so, purchase more at https://openrouter.ai/settings/credits', 'code': 402}}
2026-07-13 19:17:46 - ai-support-hitl - INFO - utils.py:269 - fetch_similar_policy - Fetching similar policy for issue: Request for account upgrade - Tier 9...
2026-07-13 19:17:46 - ai-support-hitl - INFO - utils.py:210 - connect_vector_db - Connecting to VectorDB collection: Policy
2026-07-13 19:17:46 - httpx - INFO - _client.py:1025 - _send_single_request - HTTP Request: POST https://openrouter.ai/api/v1/embeddings "HTTP/1.1 402 Payment Required"
2026-07-13 19:17:46 - ai-support-hitl - ERROR - utils.py:276 - fetch_similar_policy - Error fetching similar policy: Error code: 402 - {'error': {'message': 'Insufficient credits. This account never purchased credits. Make sure your key is on the correct account or org, and if so, purchase more at https://openrouter.ai/settings/credits', 'code': 402}}
2026-07-13 19:17:46 - ai-support-hitl - ERROR - main.py:641 - main - Error fetching similar policy: Error code: 402 - {'error': {'message': 'Insufficient credits. This account never purchased credits. Make sure your key is on the correct account or org, and if so, purchase more at https://openrouter.ai/settings/credits', 'code': 402}}
2026-07-13 19:18:00 - ai-support-hitl - INFO - streamlit_app.py:6 - <module> - Starting Streamlit Application...
2026-07-13 19:18:00 - ai-support-hitl - INFO - streamlit_app.py:17 - <module> - Sample data upload complete. Launching main application...
2026-07-13 19:18:00 - ai-support-hitl - INFO - main.py:31 - main - Loading Environmental Variables...
2026-07-13 19:18:00 - ai-support-hitl - INFO - main.py:37 - main - Connecting to MongoDB...
2026-07-13 19:18:00 - ai-support-hitl - INFO - utils.py:43 - connect_mongo_db - Connecting to MongoDB collection: escalated_tickets
2026-07-13 19:18:00 - ai-support-hitl - INFO - main.py:64 - main - Setting up Streamlit page configuration...
2026-07-13 19:18:00 - ai-support-hitl - INFO - main.py:202 - main - Setting up AI-Support Dashboard...
2026-07-13 19:18:00 - ai-support-hitl - INFO - main.py:208 - main - Sidebar view selected: Completed
2026-07-13 19:18:00 - ai-support-hitl - INFO - main.py:218 - main - Loading tickets based on selected view...
2026-07-13 19:18:00 - ai-support-hitl - INFO - main.py:180 - get_completed_tickets - Fetching completed tickets with limit: 10
2026-07-13 19:18:00 - ai-support-hitl - INFO - main.py:182 - get_completed_tickets - Fetched 10 completed tickets
2026-07-13 19:18:00 - ai-support-hitl - INFO - main.py:360 - main - Selected Completed Ticket: TKT_0029
2026-07-13 19:18:11 - ai-support-hitl - INFO - streamlit_app.py:6 - <module> - Starting Streamlit Application...
2026-07-13 19:18:11 - ai-support-hitl - INFO - streamlit_app.py:17 - <module> - Sample data upload complete. Launching main application...
2026-07-13 19:18:11 - ai-support-hitl - INFO - main.py:31 - main - Loading Environmental Variables...
2026-07-13 19:18:11 - ai-support-hitl - INFO - main.py:37 - main - Connecting to MongoDB...
2026-07-13 19:18:12 - ai-support-hitl - INFO - utils.py:43 - connect_mongo_db - Connecting to MongoDB collection: escalated_tickets
2026-07-13 19:18:12 - ai-support-hitl - INFO - main.py:64 - main - Setting up Streamlit page configuration...
2026-07-13 19:18:12 - ai-support-hitl - INFO - main.py:202 - main - Setting up AI-Support Dashboard...
2026-07-13 19:18:12 - ai-support-hitl - INFO - main.py:208 - main - Sidebar view selected: Raise Ticket
2026-07-13 19:18:12 - ai-support-hitl - INFO - main.py:218 - main - Loading tickets based on selected view...
2026-07-13 19:18:15 - ai-support-hitl - INFO - streamlit_app.py:6 - <module> - Starting Streamlit Application...
2026-07-13 19:18:15 - ai-support-hitl - INFO - streamlit_app.py:17 - <module> - Sample data upload complete. Launching main application...
2026-07-13 19:18:15 - ai-support-hitl - INFO - main.py:31 - main - Loading Environmental Variables...
2026-07-13 19:18:15 - ai-support-hitl - INFO - main.py:37 - main - Connecting to MongoDB...
2026-07-13 19:18:15 - ai-support-hitl - INFO - utils.py:43 - connect_mongo_db - Connecting to MongoDB collection: escalated_tickets
2026-07-13 19:18:15 - ai-support-hitl - INFO - main.py:64 - main - Setting up Streamlit page configuration...
2026-07-13 19:18:15 - ai-support-hitl - INFO - main.py:202 - main - Setting up AI-Support Dashboard...
2026-07-13 19:18:15 - ai-support-hitl - INFO - main.py:208 - main - Sidebar view selected: Raise Ticket
2026-07-13 19:18:15 - ai-support-hitl - INFO - main.py:218 - main - Loading tickets based on selected view...
2026-07-13 19:18:26 - ai-support-hitl - INFO - streamlit_app.py:6 - <module> - Starting Streamlit Application...
2026-07-13 19:18:26 - ai-support-hitl - INFO - streamlit_app.py:17 - <module> - Sample data upload complete. Launching main application...
2026-07-13 19:18:26 - ai-support-hitl - INFO - main.py:31 - main - Loading Environmental Variables...
2026-07-13 19:18:26 - ai-support-hitl - INFO - main.py:37 - main - Connecting to MongoDB...
2026-07-13 19:18:26 - ai-support-hitl - INFO - utils.py:43 - connect_mongo_db - Connecting to MongoDB collection: escalated_tickets
2026-07-13 19:18:26 - ai-support-hitl - INFO - main.py:64 - main - Setting up Streamlit page configuration...
2026-07-13 19:18:26 - ai-support-hitl - INFO - main.py:202 - main - Setting up AI-Support Dashboard...
2026-07-13 19:18:26 - ai-support-hitl - INFO - main.py:208 - main - Sidebar view selected: Raise Ticket
2026-07-13 19:18:26 - ai-support-hitl - INFO - main.py:218 - main - Loading tickets based on selected view...
2026-07-13 19:18:28 - ai-support-hitl - INFO - streamlit_app.py:6 - <module> - Starting Streamlit Application...
2026-07-13 19:18:28 - ai-support-hitl - INFO - streamlit_app.py:17 - <module> - Sample data upload complete. Launching main application...
2026-07-13 19:18:28 - ai-support-hitl - INFO - main.py:31 - main - Loading Environmental Variables...
2026-07-13 19:18:28 - ai-support-hitl - INFO - main.py:37 - main - Connecting to MongoDB...
2026-07-13 19:18:28 - ai-support-hitl - INFO - utils.py:43 - connect_mongo_db - Connecting to MongoDB collection: escalated_tickets
2026-07-13 19:18:28 - ai-support-hitl - INFO - main.py:64 - main - Setting up Streamlit page configuration...
2026-07-13 19:18:28 - ai-support-hitl - INFO - main.py:202 - main - Setting up AI-Support Dashboard...
2026-07-13 19:18:28 - ai-support-hitl - INFO - main.py:208 - main - Sidebar view selected: Pending
2026-07-13 19:18:28 - ai-support-hitl - INFO - main.py:218 - main - Loading tickets based on selected view...
2026-07-13 19:18:28 - ai-support-hitl - INFO - main.py:81 - get_pending_tickets - Fetching pending tickets with limit: 10
2026-07-13 19:18:28 - ai-support-hitl - INFO - main.py:85 - get_pending_tickets - Fetched 10 pending tickets
2026-07-13 19:18:28 - ai-support-hitl - INFO - main.py:345 - main - Selected Pending Ticket: TKT_0009
2026-07-13 19:18:28 - ai-support-hitl - INFO - utils.py:244 - fetch_similar_past_tickets - Fetching similar past tickets for issue: Network connectivity issue reported by user 9...
2026-07-13 19:18:28 - ai-support-hitl - INFO - utils.py:210 - connect_vector_db - Connecting to VectorDB collection: PreviousData
2026-07-13 19:18:29 - httpx - INFO - _client.py:1025 - _send_single_request - HTTP Request: POST https://openrouter.ai/api/v1/embeddings "HTTP/1.1 402 Payment Required"
2026-07-13 19:18:29 - ai-support-hitl - ERROR - utils.py:251 - fetch_similar_past_tickets - Error fetching similar past tickets: Error code: 402 - {'error': {'message': 'Insufficient credits. This account never purchased credits. Make sure your key is on the correct account or org, and if so, purchase more at https://openrouter.ai/settings/credits', 'code': 402}}
2026-07-13 19:18:29 - ai-support-hitl - ERROR - main.py:509 - main - Error fetching similar past tickets: Error code: 402 - {'error': {'message': 'Insufficient credits. This account never purchased credits. Make sure your key is on the correct account or org, and if so, purchase more at https://openrouter.ai/settings/credits', 'code': 402}}
2026-07-13 19:18:29 - ai-support-hitl - INFO - utils.py:269 - fetch_similar_policy - Fetching similar policy for issue: Network connectivity issue reported by user 9...
2026-07-13 19:18:29 - ai-support-hitl - INFO - utils.py:210 - connect_vector_db - Connecting to VectorDB collection: Policy
2026-07-13 19:18:29 - httpx - INFO - _client.py:1025 - _send_single_request - HTTP Request: POST https://openrouter.ai/api/v1/embeddings "HTTP/1.1 402 Payment Required"
2026-07-13 19:18:29 - ai-support-hitl - ERROR - utils.py:276 - fetch_similar_policy - Error fetching similar policy: Error code: 402 - {'error': {'message': 'Insufficient credits. This account never purchased credits. Make sure your key is on the correct account or org, and if so, purchase more at https://openrouter.ai/settings/credits', 'code': 402}}
2026-07-13 19:18:29 - ai-support-hitl - ERROR - main.py:526 - main - Error fetching similar policy: Error code: 402 - {'error': {'message': 'Insufficient credits. This account never purchased credits. Make sure your key is on the correct account or org, and if so, purchase more at https://openrouter.ai/settings/credits', 'code': 402}}
2026-07-13 19:18:37 - ai-support-hitl - INFO - streamlit_app.py:6 - <module> - Starting Streamlit Application...
2026-07-13 19:18:37 - ai-support-hitl - INFO - streamlit_app.py:17 - <module> - Sample data upload complete. Launching main application...
2026-07-13 19:18:37 - ai-support-hitl - INFO - main.py:31 - main - Loading Environmental Variables...
2026-07-13 19:18:37 - ai-support-hitl - INFO - main.py:37 - main - Connecting to MongoDB...
2026-07-13 19:18:37 - ai-support-hitl - INFO - utils.py:43 - connect_mongo_db - Connecting to MongoDB collection: escalated_tickets
2026-07-13 19:18:37 - ai-support-hitl - INFO - main.py:64 - main - Setting up Streamlit page configuration...
2026-07-13 19:18:37 - ai-support-hitl - INFO - main.py:202 - main - Setting up AI-Support Dashboard...
2026-07-13 19:18:37 - ai-support-hitl - INFO - main.py:208 - main - Sidebar view selected: Pending
2026-07-13 19:18:37 - ai-support-hitl - INFO - main.py:218 - main - Loading tickets based on selected view...
2026-07-13 19:18:37 - ai-support-hitl - INFO - main.py:81 - get_pending_tickets - Fetching pending tickets with limit: 10
2026-07-13 19:18:37 - ai-support-hitl - INFO - main.py:85 - get_pending_tickets - Fetched 10 pending tickets
2026-07-13 19:18:37 - ai-support-hitl - INFO - main.py:232 - main - Loading more pending tickets
2026-07-13 19:18:37 - ai-support-hitl - INFO - streamlit_app.py:6 - <module> - Starting Streamlit Application...
2026-07-13 19:18:37 - ai-support-hitl - INFO - streamlit_app.py:17 - <module> - Sample data upload complete. Launching main application...
2026-07-13 19:18:37 - ai-support-hitl - INFO - main.py:31 - main - Loading Environmental Variables...
2026-07-13 19:18:37 - ai-support-hitl - INFO - main.py:37 - main - Connecting to MongoDB...
2026-07-13 19:18:37 - ai-support-hitl - INFO - utils.py:43 - connect_mongo_db - Connecting to MongoDB collection: escalated_tickets
2026-07-13 19:18:37 - ai-support-hitl - INFO - main.py:64 - main - Setting up Streamlit page configuration...
2026-07-13 19:18:37 - ai-support-hitl - INFO - main.py:202 - main - Setting up AI-Support Dashboard...
2026-07-13 19:18:37 - ai-support-hitl - INFO - main.py:208 - main - Sidebar view selected: Pending
2026-07-13 19:18:37 - ai-support-hitl - INFO - main.py:218 - main - Loading tickets based on selected view...
2026-07-13 19:18:37 - ai-support-hitl - INFO - main.py:81 - get_pending_tickets - Fetching pending tickets with limit: 20
2026-07-13 19:18:37 - ai-support-hitl - INFO - main.py:85 - get_pending_tickets - Fetched 11 pending tickets
2026-07-13 19:18:37 - ai-support-hitl - INFO - main.py:345 - main - Selected Pending Ticket: TKT_0001
2026-07-13 19:18:37 - ai-support-hitl - INFO - utils.py:244 - fetch_similar_past_tickets - Fetching similar past tickets for issue: Network connectivity issue reported by user 1...
2026-07-13 19:18:37 - ai-support-hitl - INFO - utils.py:210 - connect_vector_db - Connecting to VectorDB collection: PreviousData
2026-07-13 19:18:37 - httpx - INFO - _client.py:1025 - _send_single_request - HTTP Request: POST https://openrouter.ai/api/v1/embeddings "HTTP/1.1 402 Payment Required"
2026-07-13 19:18:37 - ai-support-hitl - ERROR - utils.py:251 - fetch_similar_past_tickets - Error fetching similar past tickets: Error code: 402 - {'error': {'message': 'Insufficient credits. This account never purchased credits. Make sure your key is on the correct account or org, and if so, purchase more at https://openrouter.ai/settings/credits', 'code': 402}}
2026-07-13 19:18:37 - ai-support-hitl - ERROR - main.py:509 - main - Error fetching similar past tickets: Error code: 402 - {'error': {'message': 'Insufficient credits. This account never purchased credits. Make sure your key is on the correct account or org, and if so, purchase more at https://openrouter.ai/settings/credits', 'code': 402}}
2026-07-13 19:18:37 - ai-support-hitl - INFO - utils.py:269 - fetch_similar_policy - Fetching similar policy for issue: Network connectivity issue reported by user 1...
2026-07-13 19:18:37 - ai-support-hitl - INFO - utils.py:210 - connect_vector_db - Connecting to VectorDB collection: Policy
2026-07-13 19:18:37 - httpx - INFO - _client.py:1025 - _send_single_request - HTTP Request: POST https://openrouter.ai/api/v1/embeddings "HTTP/1.1 402 Payment Required"
2026-07-13 19:18:37 - ai-support-hitl - ERROR - utils.py:276 - fetch_similar_policy - Error fetching similar policy: Error code: 402 - {'error': {'message': 'Insufficient credits. This account never purchased credits. Make sure your key is on the correct account or org, and if so, purchase more at https://openrouter.ai/settings/credits', 'code': 402}}
2026-07-13 19:18:37 - ai-support-hitl - ERROR - main.py:526 - main - Error fetching similar policy: Error code: 402 - {'error': {'message': 'Insufficient credits. This account never purchased credits. Make sure your key is on the correct account or org, and if so, purchase more at https://openrouter.ai/settings/credits', 'code': 402}}
2026-07-13 19:18:39 - ai-support-hitl - INFO - streamlit_app.py:6 - <module> - Starting Streamlit Application...
2026-07-13 19:18:39 - ai-support-hitl - INFO - streamlit_app.py:17 - <module> - Sample data upload complete. Launching main application...
2026-07-13 19:18:39 - ai-support-hitl - INFO - main.py:31 - main - Loading Environmental Variables...
2026-07-13 19:18:39 - ai-support-hitl - INFO - main.py:37 - main - Connecting to MongoDB...
2026-07-13 19:18:39 - ai-support-hitl - INFO - utils.py:43 - connect_mongo_db - Connecting to MongoDB collection: escalated_tickets
2026-07-13 19:18:39 - ai-support-hitl - INFO - main.py:64 - main - Setting up Streamlit page configuration...
2026-07-13 19:18:39 - ai-support-hitl - INFO - main.py:202 - main - Setting up AI-Support Dashboard...
2026-07-13 19:18:39 - ai-support-hitl - INFO - main.py:208 - main - Sidebar view selected: Pending
2026-07-13 19:18:39 - ai-support-hitl - INFO - main.py:218 - main - Loading tickets based on selected view...
2026-07-13 19:18:39 - ai-support-hitl - INFO - main.py:81 - get_pending_tickets - Fetching pending tickets with limit: 20
2026-07-13 19:18:39 - ai-support-hitl - INFO - main.py:85 - get_pending_tickets - Fetched 11 pending tickets
2026-07-13 19:18:39 - ai-support-hitl - INFO - main.py:345 - main - Selected Pending Ticket: tkt_testing
2026-07-13 19:18:39 - ai-support-hitl - INFO - utils.py:244 - fetch_similar_past_tickets - Fetching similar past tickets for issue: testing desc
...
2026-07-13 19:18:39 - ai-support-hitl - INFO - utils.py:210 - connect_vector_db - Connecting to VectorDB collection: PreviousData
2026-07-13 19:18:40 - httpx - INFO - _client.py:1025 - _send_single_request - HTTP Request: POST https://openrouter.ai/api/v1/embeddings "HTTP/1.1 402 Payment Required"
2026-07-13 19:18:40 - ai-support-hitl - ERROR - utils.py:251 - fetch_similar_past_tickets - Error fetching similar past tickets: Error code: 402 - {'error': {'message': 'Insufficient credits. This account never purchased credits. Make sure your key is on the correct account or org, and if so, purchase more at https://openrouter.ai/settings/credits', 'code': 402}}
2026-07-13 19:18:40 - ai-support-hitl - ERROR - main.py:509 - main - Error fetching similar past tickets: Error code: 402 - {'error': {'message': 'Insufficient credits. This account never purchased credits. Make sure your key is on the correct account or org, and if so, purchase more at https://openrouter.ai/settings/credits', 'code': 402}}
2026-07-13 19:18:40 - ai-support-hitl - INFO - utils.py:269 - fetch_similar_policy - Fetching similar policy for issue: testing desc
...
2026-07-13 19:18:40 - ai-support-hitl - INFO - utils.py:210 - connect_vector_db - Connecting to VectorDB collection: Policy
2026-07-13 19:18:40 - httpx - INFO - _client.py:1025 - _send_single_request - HTTP Request: POST https://openrouter.ai/api/v1/embeddings "HTTP/1.1 402 Payment Required"
2026-07-13 19:18:40 - ai-support-hitl - ERROR - utils.py:276 - fetch_similar_policy - Error fetching similar policy: Error code: 402 - {'error': {'message': 'Insufficient credits. This account never purchased credits. Make sure your key is on the correct account or org, and if so, purchase more at https://openrouter.ai/settings/credits', 'code': 402}}
2026-07-13 19:18:40 - ai-support-hitl - ERROR - main.py:526 - main - Error fetching similar policy: Error code: 402 - {'error': {'message': 'Insufficient credits. This account never purchased credits. Make sure your key is on the correct account or org, and if so, purchase more at https://openrouter.ai/settings/credits', 'code': 402}}
2026-07-13 19:19:13 - ai-support-hitl - INFO - main.py:105 - handle_rephase_using_ai_click - Rephasing text for pending ticket with temperature 0.5
2026-07-13 19:19:13 - ai-support-hitl - INFO - utils.py:528 - call_llm_to_rephase - Calling LLM to rephase text with temperature: 0.5
2026-07-13 19:19:13 - ai-support-hitl - INFO - utils.py:76 - get_llm_object - Creating LLM object with model: openai/gpt-4o-mini
2026-07-13 19:19:13 - httpx - INFO - _client.py:1025 - _send_single_request - HTTP Request: POST https://openrouter.ai/api/v1/chat/completions "HTTP/1.1 402 Payment Required"
2026-07-13 19:19:13 - ai-support-hitl - ERROR - main.py:117 - handle_rephase_using_ai_click - Error rephasing text: Error code: 402 - {'error': {'message': 'Insufficient credits. This account never purchased credits. Make sure your key is on the correct account or org, and if so, purchase more at https://openrouter.ai/settings/credits', 'code': 402}}
2026-07-13 19:19:13 - ai-support-hitl - INFO - streamlit_app.py:6 - <module> - Starting Streamlit Application...
2026-07-13 19:19:13 - ai-support-hitl - INFO - streamlit_app.py:17 - <module> - Sample data upload complete. Launching main application...
2026-07-13 19:19:13 - ai-support-hitl - INFO - main.py:31 - main - Loading Environmental Variables...
2026-07-13 19:19:13 - ai-support-hitl - INFO - main.py:37 - main - Connecting to MongoDB...
2026-07-13 19:19:13 - ai-support-hitl - INFO - utils.py:43 - connect_mongo_db - Connecting to MongoDB collection: escalated_tickets
2026-07-13 19:19:13 - ai-support-hitl - INFO - main.py:64 - main - Setting up Streamlit page configuration...
2026-07-13 19:19:13 - ai-support-hitl - INFO - main.py:202 - main - Setting up AI-Support Dashboard...
2026-07-13 19:19:13 - ai-support-hitl - INFO - main.py:208 - main - Sidebar view selected: Pending
2026-07-13 19:19:13 - ai-support-hitl - INFO - main.py:218 - main - Loading tickets based on selected view...
2026-07-13 19:19:13 - ai-support-hitl - INFO - main.py:81 - get_pending_tickets - Fetching pending tickets with limit: 20
2026-07-13 19:19:13 - ai-support-hitl - INFO - main.py:85 - get_pending_tickets - Fetched 11 pending tickets
2026-07-13 19:19:13 - ai-support-hitl - INFO - main.py:345 - main - Selected Pending Ticket: tkt_testing
2026-07-13 19:19:13 - ai-support-hitl - INFO - utils.py:244 - fetch_similar_past_tickets - Fetching similar past tickets for issue: testing desc
...
2026-07-13 19:19:13 - ai-support-hitl - INFO - utils.py:210 - connect_vector_db - Connecting to VectorDB collection: PreviousData
2026-07-13 19:19:13 - httpx - INFO - _client.py:1025 - _send_single_request - HTTP Request: POST https://openrouter.ai/api/v1/embeddings "HTTP/1.1 402 Payment Required"
2026-07-13 19:19:13 - ai-support-hitl - ERROR - utils.py:251 - fetch_similar_past_tickets - Error fetching similar past tickets: Error code: 402 - {'error': {'message': 'Insufficient credits. This account never purchased credits. Make sure your key is on the correct account or org, and if so, purchase more at https://openrouter.ai/settings/credits', 'code': 402}}
2026-07-13 19:19:13 - ai-support-hitl - ERROR - main.py:509 - main - Error fetching similar past tickets: Error code: 402 - {'error': {'message': 'Insufficient credits. This account never purchased credits. Make sure your key is on the correct account or org, and if so, purchase more at https://openrouter.ai/settings/credits', 'code': 402}}
2026-07-13 19:19:13 - ai-support-hitl - INFO - utils.py:269 - fetch_similar_policy - Fetching similar policy for issue: testing desc
...
2026-07-13 19:19:13 - ai-support-hitl - INFO - utils.py:210 - connect_vector_db - Connecting to VectorDB collection: Policy
2026-07-13 19:19:14 - httpx - INFO - _client.py:1025 - _send_single_request - HTTP Request: POST https://openrouter.ai/api/v1/embeddings "HTTP/1.1 402 Payment Required"
2026-07-13 19:19:14 - ai-support-hitl - ERROR - utils.py:276 - fetch_similar_policy - Error fetching similar policy: Error code: 402 - {'error': {'message': 'Insufficient credits. This account never purchased credits. Make sure your key is on the correct account or org, and if so, purchase more at https://openrouter.ai/settings/credits', 'code': 402}}
2026-07-13 19:19:14 - ai-support-hitl - ERROR - main.py:526 - main - Error fetching similar policy: Error code: 402 - {'error': {'message': 'Insufficient credits. This account never purchased credits. Make sure your key is on the correct account or org, and if so, purchase more at https://openrouter.ai/settings/credits', 'code': 402}}
2026-07-13 19:19:29 - ai-support-hitl - INFO - main.py:105 - handle_rephase_using_ai_click - Rephasing text for pending ticket with temperature 0.5
2026-07-13 19:19:29 - ai-support-hitl - INFO - utils.py:528 - call_llm_to_rephase - Calling LLM to rephase text with temperature: 0.5
2026-07-13 19:19:29 - ai-support-hitl - INFO - utils.py:76 - get_llm_object - Creating LLM object with model: openai/gpt-4o-mini
2026-07-13 19:19:29 - httpx - INFO - _client.py:1025 - _send_single_request - HTTP Request: POST https://openrouter.ai/api/v1/chat/completions "HTTP/1.1 402 Payment Required"
2026-07-13 19:19:29 - ai-support-hitl - ERROR - main.py:117 - handle_rephase_using_ai_click - Error rephasing text: Error code: 402 - {'error': {'message': 'Insufficient credits. This account never purchased credits. Make sure your key is on the correct account or org, and if so, purchase more at https://openrouter.ai/settings/credits', 'code': 402}}
2026-07-13 19:19:29 - ai-support-hitl - INFO - streamlit_app.py:6 - <module> - Starting Streamlit Application...
2026-07-13 19:19:29 - ai-support-hitl - INFO - streamlit_app.py:17 - <module> - Sample data upload complete. Launching main application...
2026-07-13 19:19:29 - ai-support-hitl - INFO - main.py:31 - main - Loading Environmental Variables...
2026-07-13 19:19:29 - ai-support-hitl - INFO - main.py:37 - main - Connecting to MongoDB...
2026-07-13 19:19:29 - ai-support-hitl - INFO - utils.py:43 - connect_mongo_db - Connecting to MongoDB collection: escalated_tickets
2026-07-13 19:19:29 - ai-support-hitl - INFO - main.py:64 - main - Setting up Streamlit page configuration...
2026-07-13 19:19:29 - ai-support-hitl - INFO - main.py:202 - main - Setting up AI-Support Dashboard...
2026-07-13 19:19:29 - ai-support-hitl - INFO - main.py:208 - main - Sidebar view selected: Pending
2026-07-13 19:19:29 - ai-support-hitl - INFO - main.py:218 - main - Loading tickets based on selected view...
2026-07-13 19:19:29 - ai-support-hitl - INFO - main.py:81 - get_pending_tickets - Fetching pending tickets with limit: 20
2026-07-13 19:19:29 - ai-support-hitl - INFO - main.py:85 - get_pending_tickets - Fetched 11 pending tickets
2026-07-13 19:19:29 - ai-support-hitl - INFO - main.py:345 - main - Selected Pending Ticket: tkt_testing
2026-07-13 19:19:29 - ai-support-hitl - INFO - utils.py:244 - fetch_similar_past_tickets - Fetching similar past tickets for issue: testing desc
...
2026-07-13 19:19:29 - ai-support-hitl - INFO - utils.py:210 - connect_vector_db - Connecting to VectorDB collection: PreviousData
2026-07-13 19:19:29 - httpx - INFO - _client.py:1025 - _send_single_request - HTTP Request: POST https://openrouter.ai/api/v1/embeddings "HTTP/1.1 402 Payment Required"
2026-07-13 19:19:29 - ai-support-hitl - ERROR - utils.py:251 - fetch_similar_past_tickets - Error fetching similar past tickets: Error code: 402 - {'error': {'message': 'Insufficient credits. This account never purchased credits. Make sure your key is on the correct account or org, and if so, purchase more at https://openrouter.ai/settings/credits', 'code': 402}}
2026-07-13 19:19:29 - ai-support-hitl - ERROR - main.py:509 - main - Error fetching similar past tickets: Error code: 402 - {'error': {'message': 'Insufficient credits. This account never purchased credits. Make sure your key is on the correct account or org, and if so, purchase more at https://openrouter.ai/settings/credits', 'code': 402}}
2026-07-13 19:19:29 - ai-support-hitl - INFO - utils.py:269 - fetch_similar_policy - Fetching similar policy for issue: testing desc
...
2026-07-13 19:19:29 - ai-support-hitl - INFO - utils.py:210 - connect_vector_db - Connecting to VectorDB collection: Policy
2026-07-13 19:19:29 - httpx - INFO - _client.py:1025 - _send_single_request - HTTP Request: POST https://openrouter.ai/api/v1/embeddings "HTTP/1.1 402 Payment Required"
2026-07-13 19:19:29 - ai-support-hitl - ERROR - utils.py:276 - fetch_similar_policy - Error fetching similar policy: Error code: 402 - {'error': {'message': 'Insufficient credits. This account never purchased credits. Make sure your key is on the correct account or org, and if so, purchase more at https://openrouter.ai/settings/credits', 'code': 402}}
2026-07-13 19:19:29 - ai-support-hitl - ERROR - main.py:526 - main - Error fetching similar policy: Error code: 402 - {'error': {'message': 'Insufficient credits. This account never purchased credits. Make sure your key is on the correct account or org, and if so, purchase more at https://openrouter.ai/settings/credits', 'code': 402}}
2026-07-13 19:19:33 - ai-support-hitl - INFO - streamlit_app.py:6 - <module> - Starting Streamlit Application...
2026-07-13 19:19:33 - ai-support-hitl - INFO - streamlit_app.py:17 - <module> - Sample data upload complete. Launching main application...
2026-07-13 19:19:33 - ai-support-hitl - INFO - main.py:31 - main - Loading Environmental Variables...
2026-07-13 19:19:33 - ai-support-hitl - INFO - main.py:37 - main - Connecting to MongoDB...
2026-07-13 19:19:33 - ai-support-hitl - INFO - utils.py:43 - connect_mongo_db - Connecting to MongoDB collection: escalated_tickets
2026-07-13 19:19:33 - ai-support-hitl - INFO - main.py:64 - main - Setting up Streamlit page configuration...
2026-07-13 19:19:33 - ai-support-hitl - INFO - main.py:202 - main - Setting up AI-Support Dashboard...
2026-07-13 19:19:33 - ai-support-hitl - INFO - main.py:208 - main - Sidebar view selected: Pending
2026-07-13 19:19:33 - ai-support-hitl - INFO - main.py:218 - main - Loading tickets based on selected view...
2026-07-13 19:19:33 - ai-support-hitl - INFO - main.py:81 - get_pending_tickets - Fetching pending tickets with limit: 20
2026-07-13 19:19:33 - ai-support-hitl - INFO - main.py:85 - get_pending_tickets - Fetched 11 pending tickets
2026-07-13 19:19:33 - ai-support-hitl - INFO - main.py:345 - main - Selected Pending Ticket: tkt_testing
2026-07-13 19:19:33 - ai-support-hitl - INFO - utils.py:244 - fetch_similar_past_tickets - Fetching similar past tickets for issue: testing desc
...
2026-07-13 19:19:33 - ai-support-hitl - INFO - utils.py:210 - connect_vector_db - Connecting to VectorDB collection: PreviousData
2026-07-13 19:19:34 - httpx - INFO - _client.py:1025 - _send_single_request - HTTP Request: POST https://openrouter.ai/api/v1/embeddings "HTTP/1.1 402 Payment Required"
2026-07-13 19:19:34 - ai-support-hitl - ERROR - utils.py:251 - fetch_similar_past_tickets - Error fetching similar past tickets: Error code: 402 - {'error': {'message': 'Insufficient credits. This account never purchased credits. Make sure your key is on the correct account or org, and if so, purchase more at https://openrouter.ai/settings/credits', 'code': 402}}
2026-07-13 19:19:34 - ai-support-hitl - ERROR - main.py:509 - main - Error fetching similar past tickets: Error code: 402 - {'error': {'message': 'Insufficient credits. This account never purchased credits. Make sure your key is on the correct account or org, and if so, purchase more at https://openrouter.ai/settings/credits', 'code': 402}}
2026-07-13 19:19:34 - ai-support-hitl - INFO - utils.py:269 - fetch_similar_policy - Fetching similar policy for issue: testing desc
...
2026-07-13 19:19:34 - ai-support-hitl - INFO - utils.py:210 - connect_vector_db - Connecting to VectorDB collection: Policy
2026-07-13 19:19:34 - httpx - INFO - _client.py:1025 - _send_single_request - HTTP Request: POST https://openrouter.ai/api/v1/embeddings "HTTP/1.1 402 Payment Required"
2026-07-13 19:19:34 - ai-support-hitl - ERROR - utils.py:276 - fetch_similar_policy - Error fetching similar policy: Error code: 402 - {'error': {'message': 'Insufficient credits. This account never purchased credits. Make sure your key is on the correct account or org, and if so, purchase more at https://openrouter.ai/settings/credits', 'code': 402}}
2026-07-13 19:19:34 - ai-support-hitl - ERROR - main.py:526 - main - Error fetching similar policy: Error code: 402 - {'error': {'message': 'Insufficient credits. This account never purchased credits. Make sure your key is on the correct account or org, and if so, purchase more at https://openrouter.ai/settings/credits', 'code': 402}}
2026-07-13 19:19:34 - ai-support-hitl - INFO - main.py:105 - handle_rephase_using_ai_click - Rephasing text for pending ticket with temperature 0.5
2026-07-13 19:19:34 - ai-support-hitl - INFO - utils.py:528 - call_llm_to_rephase - Calling LLM to rephase text with temperature: 0.5
2026-07-13 19:19:34 - ai-support-hitl - INFO - utils.py:76 - get_llm_object - Creating LLM object with model: openai/gpt-4o-mini
2026-07-13 19:19:34 - httpx - INFO - _client.py:1025 - _send_single_request - HTTP Request: POST https://openrouter.ai/api/v1/chat/completions "HTTP/1.1 402 Payment Required"
2026-07-13 19:19:34 - ai-support-hitl - ERROR - main.py:117 - handle_rephase_using_ai_click - Error rephasing text: Error code: 402 - {'error': {'message': 'Insufficient credits. This account never purchased credits. Make sure your key is on the correct account or org, and if so, purchase more at https://openrouter.ai/settings/credits', 'code': 402}}
2026-07-13 19:19:34 - ai-support-hitl - INFO - streamlit_app.py:6 - <module> - Starting Streamlit Application...
2026-07-13 19:19:34 - ai-support-hitl - INFO - streamlit_app.py:17 - <module> - Sample data upload complete. Launching main application...
2026-07-13 19:19:34 - ai-support-hitl - INFO - main.py:31 - main - Loading Environmental Variables...
2026-07-13 19:19:34 - ai-support-hitl - INFO - main.py:37 - main - Connecting to MongoDB...
2026-07-13 19:19:34 - ai-support-hitl - INFO - utils.py:43 - connect_mongo_db - Connecting to MongoDB collection: escalated_tickets
2026-07-13 19:19:34 - ai-support-hitl - INFO - main.py:64 - main - Setting up Streamlit page configuration...
2026-07-13 19:19:34 - ai-support-hitl - INFO - main.py:202 - main - Setting up AI-Support Dashboard...
2026-07-13 19:19:34 - ai-support-hitl - INFO - main.py:208 - main - Sidebar view selected: Pending
2026-07-13 19:19:34 - ai-support-hitl - INFO - main.py:218 - main - Loading tickets based on selected view...
2026-07-13 19:19:34 - ai-support-hitl - INFO - main.py:81 - get_pending_tickets - Fetching pending tickets with limit: 20
2026-07-13 19:19:34 - ai-support-hitl - INFO - main.py:85 - get_pending_tickets - Fetched 11 pending tickets
2026-07-13 19:19:34 - ai-support-hitl - INFO - main.py:345 - main - Selected Pending Ticket: tkt_testing
2026-07-13 19:19:34 - ai-support-hitl - INFO - utils.py:244 - fetch_similar_past_tickets - Fetching similar past tickets for issue: testing desc
...
2026-07-13 19:19:34 - ai-support-hitl - INFO - utils.py:210 - connect_vector_db - Connecting to VectorDB collection: PreviousData
2026-07-13 19:19:34 - httpx - INFO - _client.py:1025 - _send_single_request - HTTP Request: POST https://openrouter.ai/api/v1/embeddings "HTTP/1.1 402 Payment Required"
2026-07-13 19:19:34 - ai-support-hitl - ERROR - utils.py:251 - fetch_similar_past_tickets - Error fetching similar past tickets: Error code: 402 - {'error': {'message': 'Insufficient credits. This account never purchased credits. Make sure your key is on the correct account or org, and if so, purchase more at https://openrouter.ai/settings/credits', 'code': 402}}
2026-07-13 19:19:34 - ai-support-hitl - ERROR - main.py:509 - main - Error fetching similar past tickets: Error code: 402 - {'error': {'message': 'Insufficient credits. This account never purchased credits. Make sure your key is on the correct account or org, and if so, purchase more at https://openrouter.ai/settings/credits', 'code': 402}}
2026-07-13 19:19:34 - ai-support-hitl - INFO - utils.py:269 - fetch_similar_policy - Fetching similar policy for issue: testing desc
...
2026-07-13 19:19:34 - ai-support-hitl - INFO - utils.py:210 - connect_vector_db - Connecting to VectorDB collection: Policy
2026-07-13 19:19:35 - httpx - INFO - _client.py:1025 - _send_single_request - HTTP Request: POST https://openrouter.ai/api/v1/embeddings "HTTP/1.1 402 Payment Required"
2026-07-13 19:19:35 - ai-support-hitl - ERROR - utils.py:276 - fetch_similar_policy - Error fetching similar policy: Error code: 402 - {'error': {'message': 'Insufficient credits. This account never purchased credits. Make sure your key is on the correct account or org, and if so, purchase more at https://openrouter.ai/settings/credits', 'code': 402}}
2026-07-13 19:19:35 - ai-support-hitl - ERROR - main.py:526 - main - Error fetching similar policy: Error code: 402 - {'error': {'message': 'Insufficient credits. This account never purchased credits. Make sure your key is on the correct account or org, and if so, purchase more at https://openrouter.ai/settings/credits', 'code': 402}}
2026-07-13 19:19:36 - ai-support-hitl - INFO - main.py:105 - handle_rephase_using_ai_click - Rephasing text for pending ticket with temperature 0.5
2026-07-13 19:19:36 - ai-support-hitl - INFO - utils.py:528 - call_llm_to_rephase - Calling LLM to rephase text with temperature: 0.5
2026-07-13 19:19:36 - ai-support-hitl - INFO - utils.py:76 - get_llm_object - Creating LLM object with model: openai/gpt-4o-mini
2026-07-13 19:19:36 - httpx - INFO - _client.py:1025 - _send_single_request - HTTP Request: POST https://openrouter.ai/api/v1/chat/completions "HTTP/1.1 402 Payment Required"
2026-07-13 19:19:36 - ai-support-hitl - ERROR - main.py:117 - handle_rephase_using_ai_click - Error rephasing text: Error code: 402 - {'error': {'message': 'Insufficient credits. This account never purchased credits. Make sure your key is on the correct account or org, and if so, purchase more at https://openrouter.ai/settings/credits', 'code': 402}}
2026-07-13 19:19:36 - ai-support-hitl - INFO - streamlit_app.py:6 - <module> - Starting Streamlit Application...
2026-07-13 19:19:36 - ai-support-hitl - INFO - streamlit_app.py:17 - <module> - Sample data upload complete. Launching main application...
2026-07-13 19:19:36 - ai-support-hitl - INFO - main.py:31 - main - Loading Environmental Variables...
2026-07-13 19:19:36 - ai-support-hitl - INFO - main.py:37 - main - Connecting to MongoDB...
2026-07-13 19:19:36 - ai-support-hitl - INFO - utils.py:43 - connect_mongo_db - Connecting to MongoDB collection: escalated_tickets
2026-07-13 19:19:36 - ai-support-hitl - INFO - main.py:64 - main - Setting up Streamlit page configuration...
2026-07-13 19:19:36 - ai-support-hitl - INFO - main.py:202 - main - Setting up AI-Support Dashboard...
2026-07-13 19:19:36 - ai-support-hitl - INFO - main.py:208 - main - Sidebar view selected: Pending
2026-07-13 19:19:36 - ai-support-hitl - INFO - main.py:218 - main - Loading tickets based on selected view...
2026-07-13 19:19:36 - ai-support-hitl - INFO - main.py:81 - get_pending_tickets - Fetching pending tickets with limit: 20
2026-07-13 19:19:36 - ai-support-hitl - INFO - main.py:85 - get_pending_tickets - Fetched 11 pending tickets
2026-07-13 19:19:36 - ai-support-hitl - INFO - main.py:345 - main - Selected Pending Ticket: tkt_testing
2026-07-13 19:19:36 - ai-support-hitl - INFO - utils.py:244 - fetch_similar_past_tickets - Fetching similar past tickets for issue: testing desc
...
2026-07-13 19:19:36 - ai-support-hitl - INFO - utils.py:210 - connect_vector_db - Connecting to VectorDB collection: PreviousData
2026-07-13 19:19:37 - httpx - INFO - _client.py:1025 - _send_single_request - HTTP Request: POST https://openrouter.ai/api/v1/embeddings "HTTP/1.1 402 Payment Required"
2026-07-13 19:19:37 - ai-support-hitl - ERROR - utils.py:251 - fetch_similar_past_tickets - Error fetching similar past tickets: Error code: 402 - {'error': {'message': 'Insufficient credits. This account never purchased credits. Make sure your key is on the correct account or org, and if so, purchase more at https://openrouter.ai/settings/credits', 'code': 402}}
2026-07-13 19:19:37 - ai-support-hitl - ERROR - main.py:509 - main - Error fetching similar past tickets: Error code: 402 - {'error': {'message': 'Insufficient credits. This account never purchased credits. Make sure your key is on the correct account or org, and if so, purchase more at https://openrouter.ai/settings/credits', 'code': 402}}
2026-07-13 19:19:37 - ai-support-hitl - INFO - utils.py:269 - fetch_similar_policy - Fetching similar policy for issue: testing desc
...
2026-07-13 19:19:37 - ai-support-hitl - INFO - utils.py:210 - connect_vector_db - Connecting to VectorDB collection: Policy
2026-07-13 19:19:37 - httpx - INFO - _client.py:1025 - _send_single_request - HTTP Request: POST https://openrouter.ai/api/v1/embeddings "HTTP/1.1 402 Payment Required"
2026-07-13 19:19:37 - ai-support-hitl - ERROR - utils.py:276 - fetch_similar_policy - Error fetching similar policy: Error code: 402 - {'error': {'message': 'Insufficient credits. This account never purchased credits. Make sure your key is on the correct account or org, and if so, purchase more at https://openrouter.ai/settings/credits', 'code': 402}}
2026-07-13 19:19:37 - ai-support-hitl - ERROR - main.py:526 - main - Error fetching similar policy: Error code: 402 - {'error': {'message': 'Insufficient credits. This account never purchased credits. Make sure your key is on the correct account or org, and if so, purchase more at https://openrouter.ai/settings/credits', 'code': 402}}
2026-07-13 19:19:38 - ai-support-hitl - INFO - streamlit_app.py:6 - <module> - Starting Streamlit Application...
2026-07-13 19:19:38 - ai-support-hitl - INFO - streamlit_app.py:17 - <module> - Sample data upload complete. Launching main application...
2026-07-13 19:19:38 - ai-support-hitl - INFO - main.py:31 - main - Loading Environmental Variables...
2026-07-13 19:19:38 - ai-support-hitl - INFO - main.py:37 - main - Connecting to MongoDB...
2026-07-13 19:19:38 - ai-support-hitl - INFO - utils.py:43 - connect_mongo_db - Connecting to MongoDB collection: escalated_tickets
2026-07-13 19:19:38 - ai-support-hitl - INFO - main.py:64 - main - Setting up Streamlit page configuration...
2026-07-13 19:19:38 - ai-support-hitl - INFO - main.py:202 - main - Setting up AI-Support Dashboard...
2026-07-13 19:19:38 - ai-support-hitl - INFO - main.py:208 - main - Sidebar view selected: Drafted
2026-07-13 19:19:38 - ai-support-hitl - INFO - main.py:218 - main - Loading tickets based on selected view...
2026-07-13 19:19:38 - ai-support-hitl - INFO - main.py:132 - get_drafted_tickets - Fetching drafted tickets with limit: 10
2026-07-13 19:19:38 - ai-support-hitl - INFO - main.py:136 - get_drafted_tickets - Fetched 10 drafted tickets
2026-07-13 19:19:38 - ai-support-hitl - INFO - main.py:350 - main - Selected Drafted Ticket: TKT_0019
2026-07-13 19:19:38 - ai-support-hitl - INFO - utils.py:244 - fetch_similar_past_tickets - Fetching similar past tickets for issue: Request for account upgrade - Tier 9...
2026-07-13 19:19:38 - ai-support-hitl - INFO - utils.py:210 - connect_vector_db - Connecting to VectorDB collection: PreviousData
2026-07-13 19:19:38 - httpx - INFO - _client.py:1025 - _send_single_request - HTTP Request: POST https://openrouter.ai/api/v1/embeddings "HTTP/1.1 402 Payment Required"
2026-07-13 19:19:38 - ai-support-hitl - ERROR - utils.py:251 - fetch_similar_past_tickets - Error fetching similar past tickets: Error code: 402 - {'error': {'message': 'Insufficient credits. This account never purchased credits. Make sure your key is on the correct account or org, and if so, purchase more at https://openrouter.ai/settings/credits', 'code': 402}}
2026-07-13 19:19:38 - ai-support-hitl - ERROR - main.py:623 - main - Error fetching similar past tickets: Error code: 402 - {'error': {'message': 'Insufficient credits. This account never purchased credits. Make sure your key is on the correct account or org, and if so, purchase more at https://openrouter.ai/settings/credits', 'code': 402}}
2026-07-13 19:19:38 - ai-support-hitl - INFO - utils.py:269 - fetch_similar_policy - Fetching similar policy for issue: Request for account upgrade - Tier 9...
2026-07-13 19:19:38 - ai-support-hitl - INFO - utils.py:210 - connect_vector_db - Connecting to VectorDB collection: Policy
2026-07-13 19:19:38 - httpx - INFO - _client.py:1025 - _send_single_request - HTTP Request: POST https://openrouter.ai/api/v1/embeddings "HTTP/1.1 402 Payment Required"
2026-07-13 19:19:38 - ai-support-hitl - ERROR - utils.py:276 - fetch_similar_policy - Error fetching similar policy: Error code: 402 - {'error': {'message': 'Insufficient credits. This account never purchased credits. Make sure your key is on the correct account or org, and if so, purchase more at https://openrouter.ai/settings/credits', 'code': 402}}
2026-07-13 19:19:38 - ai-support-hitl - ERROR - main.py:641 - main - Error fetching similar policy: Error code: 402 - {'error': {'message': 'Insufficient credits. This account never purchased credits. Make sure your key is on the correct account or org, and if so, purchase more at https://openrouter.ai/settings/credits', 'code': 402}}
2026-07-13 19:19:40 - ai-support-hitl - INFO - streamlit_app.py:6 - <module> - Starting Streamlit Application...
2026-07-13 19:19:40 - ai-support-hitl - INFO - streamlit_app.py:17 - <module> - Sample data upload complete. Launching main application...
2026-07-13 19:19:40 - ai-support-hitl - INFO - main.py:31 - main - Loading Environmental Variables...
2026-07-13 19:19:40 - ai-support-hitl - INFO - main.py:37 - main - Connecting to MongoDB...
2026-07-13 19:19:40 - ai-support-hitl - INFO - utils.py:43 - connect_mongo_db - Connecting to MongoDB collection: escalated_tickets
2026-07-13 19:19:40 - ai-support-hitl - INFO - main.py:64 - main - Setting up Streamlit page configuration...
2026-07-13 19:19:40 - ai-support-hitl - INFO - main.py:202 - main - Setting up AI-Support Dashboard...
2026-07-13 19:19:40 - ai-support-hitl - INFO - main.py:208 - main - Sidebar view selected: Pending
2026-07-13 19:19:40 - ai-support-hitl - INFO - main.py:218 - main - Loading tickets based on selected view...
2026-07-13 19:19:40 - ai-support-hitl - INFO - main.py:81 - get_pending_tickets - Fetching pending tickets with limit: 20
2026-07-13 19:19:40 - ai-support-hitl - INFO - main.py:85 - get_pending_tickets - Fetched 11 pending tickets
2026-07-13 19:19:40 - ai-support-hitl - INFO - main.py:345 - main - Selected Pending Ticket: TKT_0001
2026-07-13 19:19:40 - ai-support-hitl - INFO - utils.py:244 - fetch_similar_past_tickets - Fetching similar past tickets for issue: Network connectivity issue reported by user 1...
2026-07-13 19:19:40 - ai-support-hitl - INFO - utils.py:210 - connect_vector_db - Connecting to VectorDB collection: PreviousData
2026-07-13 19:19:40 - httpx - INFO - _client.py:1025 - _send_single_request - HTTP Request: POST https://openrouter.ai/api/v1/embeddings "HTTP/1.1 402 Payment Required"
2026-07-13 19:19:40 - ai-support-hitl - ERROR - utils.py:251 - fetch_similar_past_tickets - Error fetching similar past tickets: Error code: 402 - {'error': {'message': 'Insufficient credits. This account never purchased credits. Make sure your key is on the correct account or org, and if so, purchase more at https://openrouter.ai/settings/credits', 'code': 402}}
2026-07-13 19:19:40 - ai-support-hitl - ERROR - main.py:509 - main - Error fetching similar past tickets: Error code: 402 - {'error': {'message': 'Insufficient credits. This account never purchased credits. Make sure your key is on the correct account or org, and if so, purchase more at https://openrouter.ai/settings/credits', 'code': 402}}
2026-07-13 19:19:40 - ai-support-hitl - INFO - utils.py:269 - fetch_similar_policy - Fetching similar policy for issue: Network connectivity issue reported by user 1...
2026-07-13 19:19:40 - ai-support-hitl - INFO - utils.py:210 - connect_vector_db - Connecting to VectorDB collection: Policy
2026-07-13 19:19:40 - httpx - INFO - _client.py:1025 - _send_single_request - HTTP Request: POST https://openrouter.ai/api/v1/embeddings "HTTP/1.1 402 Payment Required"
2026-07-13 19:19:40 - ai-support-hitl - ERROR - utils.py:276 - fetch_similar_policy - Error fetching similar policy: Error code: 402 - {'error': {'message': 'Insufficient credits. This account never purchased credits. Make sure your key is on the correct account or org, and if so, purchase more at https://openrouter.ai/settings/credits', 'code': 402}}
2026-07-13 19:19:40 - ai-support-hitl - ERROR - main.py:526 - main - Error fetching similar policy: Error code: 402 - {'error': {'message': 'Insufficient credits. This account never purchased credits. Make sure your key is on the correct account or org, and if so, purchase more at https://openrouter.ai/settings/credits', 'code': 402}}
2026-07-13 19:19:43 - ai-support-hitl - INFO - main.py:105 - handle_rephase_using_ai_click - Rephasing text for pending ticket with temperature 0.5
2026-07-13 19:19:43 - ai-support-hitl - INFO - utils.py:528 - call_llm_to_rephase - Calling LLM to rephase text with temperature: 0.5
2026-07-13 19:19:43 - ai-support-hitl - INFO - utils.py:76 - get_llm_object - Creating LLM object with model: openai/gpt-4o-mini
2026-07-13 19:19:43 - httpx - INFO - _client.py:1025 - _send_single_request - HTTP Request: POST https://openrouter.ai/api/v1/chat/completions "HTTP/1.1 402 Payment Required"
2026-07-13 19:19:43 - ai-support-hitl - ERROR - main.py:117 - handle_rephase_using_ai_click - Error rephasing text: Error code: 402 - {'error': {'message': 'Insufficient credits. This account never purchased credits. Make sure your key is on the correct account or org, and if so, purchase more at https://openrouter.ai/settings/credits', 'code': 402}}
2026-07-13 19:19:43 - ai-support-hitl - INFO - streamlit_app.py:6 - <module> - Starting Streamlit Application...
2026-07-13 19:19:43 - ai-support-hitl - INFO - streamlit_app.py:17 - <module> - Sample data upload complete. Launching main application...
2026-07-13 19:19:43 - ai-support-hitl - INFO - main.py:31 - main - Loading Environmental Variables...
2026-07-13 19:19:43 - ai-support-hitl - INFO - main.py:37 - main - Connecting to MongoDB...
2026-07-13 19:19:43 - ai-support-hitl - INFO - utils.py:43 - connect_mongo_db - Connecting to MongoDB collection: escalated_tickets
2026-07-13 19:19:43 - ai-support-hitl - INFO - main.py:64 - main - Setting up Streamlit page configuration...
2026-07-13 19:19:43 - ai-support-hitl - INFO - main.py:202 - main - Setting up AI-Support Dashboard...
2026-07-13 19:19:43 - ai-support-hitl - INFO - main.py:208 - main - Sidebar view selected: Pending
2026-07-13 19:19:43 - ai-support-hitl - INFO - main.py:218 - main - Loading tickets based on selected view...
2026-07-13 19:19:43 - ai-support-hitl - INFO - main.py:81 - get_pending_tickets - Fetching pending tickets with limit: 20
2026-07-13 19:19:43 - ai-support-hitl - INFO - main.py:85 - get_pending_tickets - Fetched 11 pending tickets
2026-07-13 19:19:43 - ai-support-hitl - INFO - main.py:345 - main - Selected Pending Ticket: TKT_0001
2026-07-13 19:19:43 - ai-support-hitl - INFO - utils.py:244 - fetch_similar_past_tickets - Fetching similar past tickets for issue: Network connectivity issue reported by user 1...
2026-07-13 19:19:43 - ai-support-hitl - INFO - utils.py:210 - connect_vector_db - Connecting to VectorDB collection: PreviousData
2026-07-13 19:19:43 - httpx - INFO - _client.py:1025 - _send_single_request - HTTP Request: POST https://openrouter.ai/api/v1/embeddings "HTTP/1.1 402 Payment Required"
2026-07-13 19:19:43 - ai-support-hitl - ERROR - utils.py:251 - fetch_similar_past_tickets - Error fetching similar past tickets: Error code: 402 - {'error': {'message': 'Insufficient credits. This account never purchased credits. Make sure your key is on the correct account or org, and if so, purchase more at https://openrouter.ai/settings/credits', 'code': 402}}
2026-07-13 19:19:43 - ai-support-hitl - ERROR - main.py:509 - main - Error fetching similar past tickets: Error code: 402 - {'error': {'message': 'Insufficient credits. This account never purchased credits. Make sure your key is on the correct account or org, and if so, purchase more at https://openrouter.ai/settings/credits', 'code': 402}}
2026-07-13 19:19:43 - ai-support-hitl - INFO - utils.py:269 - fetch_similar_policy - Fetching similar policy for issue: Network connectivity issue reported by user 1...
2026-07-13 19:19:43 - ai-support-hitl - INFO - utils.py:210 - connect_vector_db - Connecting to VectorDB collection: Policy
2026-07-13 19:19:44 - httpx - INFO - _client.py:1025 - _send_single_request - HTTP Request: POST https://openrouter.ai/api/v1/embeddings "HTTP/1.1 402 Payment Required"
2026-07-13 19:19:44 - ai-support-hitl - ERROR - utils.py:276 - fetch_similar_policy - Error fetching similar policy: Error code: 402 - {'error': {'message': 'Insufficient credits. This account never purchased credits. Make sure your key is on the correct account or org, and if so, purchase more at https://openrouter.ai/settings/credits', 'code': 402}}
2026-07-13 19:19:44 - ai-support-hitl - ERROR - main.py:526 - main - Error fetching similar policy: Error code: 402 - {'error': {'message': 'Insufficient credits. This account never purchased credits. Make sure your key is on the correct account or org, and if so, purchase more at https://openrouter.ai/settings/credits', 'code': 402}}
2026-07-13 19:19:45 - ai-support-hitl - INFO - streamlit_app.py:6 - <module> - Starting Streamlit Application...
2026-07-13 19:19:45 - ai-support-hitl - INFO - streamlit_app.py:17 - <module> - Sample data upload complete. Launching main application...
2026-07-13 19:19:45 - ai-support-hitl - INFO - main.py:31 - main - Loading Environmental Variables...
2026-07-13 19:19:45 - ai-support-hitl - INFO - main.py:37 - main - Connecting to MongoDB...
2026-07-13 19:19:45 - ai-support-hitl - INFO - utils.py:43 - connect_mongo_db - Connecting to MongoDB collection: escalated_tickets
2026-07-13 19:19:45 - ai-support-hitl - INFO - main.py:64 - main - Setting up Streamlit page configuration...
2026-07-13 19:19:45 - ai-support-hitl - INFO - main.py:202 - main - Setting up AI-Support Dashboard...
2026-07-13 19:19:45 - ai-support-hitl - INFO - main.py:208 - main - Sidebar view selected: Escalated
2026-07-13 19:19:45 - ai-support-hitl - INFO - main.py:218 - main - Loading tickets based on selected view...
2026-07-13 19:19:45 - ai-support-hitl - INFO - main.py:156 - get_escalated_tickets - Fetching escalated tickets with limit: 10
2026-07-13 19:19:45 - ai-support-hitl - INFO - main.py:160 - get_escalated_tickets - Fetched 10 escalated tickets
2026-07-13 19:19:45 - ai-support-hitl - INFO - main.py:355 - main - Selected Escalated Ticket: TKT_0039
2026-07-13 19:19:45 - ai-support-hitl - INFO - utils.py:244 - fetch_similar_past_tickets - Fetching similar past tickets for issue: Urgent security breach or payment failure reported...
2026-07-13 19:19:45 - ai-support-hitl - INFO - utils.py:210 - connect_vector_db - Connecting to VectorDB collection: PreviousData
2026-07-13 19:19:46 - httpx - INFO - _client.py:1025 - _send_single_request - HTTP Request: POST https://openrouter.ai/api/v1/embeddings "HTTP/1.1 402 Payment Required"
2026-07-13 19:19:46 - ai-support-hitl - ERROR - utils.py:251 - fetch_similar_past_tickets - Error fetching similar past tickets: Error code: 402 - {'error': {'message': 'Insufficient credits. This account never purchased credits. Make sure your key is on the correct account or org, and if so, purchase more at https://openrouter.ai/settings/credits', 'code': 402}}
2026-07-13 19:19:46 - ai-support-hitl - ERROR - main.py:728 - main - Error fetching similar past tickets: Error code: 402 - {'error': {'message': 'Insufficient credits. This account never purchased credits. Make sure your key is on the correct account or org, and if so, purchase more at https://openrouter.ai/settings/credits', 'code': 402}}
2026-07-13 19:19:46 - ai-support-hitl - INFO - utils.py:269 - fetch_similar_policy - Fetching similar policy for issue: Urgent security breach or payment failure reported...
2026-07-13 19:19:46 - ai-support-hitl - INFO - utils.py:210 - connect_vector_db - Connecting to VectorDB collection: Policy
2026-07-13 19:19:46 - httpx - INFO - _client.py:1025 - _send_single_request - HTTP Request: POST https://openrouter.ai/api/v1/embeddings "HTTP/1.1 402 Payment Required"
2026-07-13 19:19:46 - ai-support-hitl - ERROR - utils.py:276 - fetch_similar_policy - Error fetching similar policy: Error code: 402 - {'error': {'message': 'Insufficient credits. This account never purchased credits. Make sure your key is on the correct account or org, and if so, purchase more at https://openrouter.ai/settings/credits', 'code': 402}}
2026-07-13 19:19:46 - ai-support-hitl - ERROR - main.py:745 - main - Error fetching similar policy: Error code: 402 - {'error': {'message': 'Insufficient credits. This account never purchased credits. Make sure your key is on the correct account or org, and if so, purchase more at https://openrouter.ai/settings/credits', 'code': 402}}
2026-07-13 19:19:54 - ai-support-hitl - INFO - main.py:388 - move_tickets_to_completed_tickets_in_db - Moving ticket TKT_0039 to completed (Purpose: escalated)
2026-07-13 19:19:54 - ai-support-hitl - INFO - utils.py:364 - move_escalated_ticket_to_completed_in_db - Moving escalated ticket TKT_0039 to completed
2026-07-13 19:19:54 - ai-support-hitl - INFO - utils.py:43 - connect_mongo_db - Connecting to MongoDB collection: escalated_tickets
2026-07-13 19:19:54 - ai-support-hitl - INFO - utils.py:43 - connect_mongo_db - Connecting to MongoDB collection: solved_tickets
2026-07-13 19:19:54 - ai-support-hitl - INFO - utils.py:393 - move_escalated_ticket_to_completed_in_db - Successfully moved escalated ticket TKT_0039 to completed
2026-07-13 19:19:54 - ai-support-hitl - INFO - main.py:400 - move_tickets_to_completed_tickets_in_db - Successfully moved ticket TKT_0039 to completed
2026-07-13 19:19:54 - ai-support-hitl - INFO - streamlit_app.py:6 - <module> - Starting Streamlit Application...
2026-07-13 19:19:54 - ai-support-hitl - INFO - streamlit_app.py:17 - <module> - Sample data upload complete. Launching main application...
2026-07-13 19:19:54 - ai-support-hitl - INFO - main.py:31 - main - Loading Environmental Variables...
2026-07-13 19:19:54 - ai-support-hitl - INFO - main.py:37 - main - Connecting to MongoDB...
2026-07-13 19:19:54 - ai-support-hitl - INFO - utils.py:43 - connect_mongo_db - Connecting to MongoDB collection: escalated_tickets
2026-07-13 19:19:54 - ai-support-hitl - INFO - main.py:64 - main - Setting up Streamlit page configuration...
2026-07-13 19:19:54 - ai-support-hitl - INFO - main.py:202 - main - Setting up AI-Support Dashboard...
2026-07-13 19:19:54 - ai-support-hitl - INFO - main.py:208 - main - Sidebar view selected: Escalated
2026-07-13 19:19:54 - ai-support-hitl - INFO - main.py:218 - main - Loading tickets based on selected view...
2026-07-13 19:19:54 - ai-support-hitl - INFO - main.py:156 - get_escalated_tickets - Fetching escalated tickets with limit: 10
2026-07-13 19:19:54 - ai-support-hitl - INFO - main.py:160 - get_escalated_tickets - Fetched 9 escalated tickets
2026-07-13 19:19:54 - ai-support-hitl - INFO - main.py:355 - main - Selected Escalated Ticket: TKT_0031
2026-07-13 19:19:54 - ai-support-hitl - INFO - utils.py:244 - fetch_similar_past_tickets - Fetching similar past tickets for issue: Urgent security breach or payment failure reported...
2026-07-13 19:19:54 - ai-support-hitl - INFO - utils.py:210 - connect_vector_db - Connecting to VectorDB collection: PreviousData
2026-07-13 19:19:54 - httpx - INFO - _client.py:1025 - _send_single_request - HTTP Request: POST https://openrouter.ai/api/v1/embeddings "HTTP/1.1 402 Payment Required"
2026-07-13 19:19:54 - ai-support-hitl - ERROR - utils.py:251 - fetch_similar_past_tickets - Error fetching similar past tickets: Error code: 402 - {'error': {'message': 'Insufficient credits. This account never purchased credits. Make sure your key is on the correct account or org, and if so, purchase more at https://openrouter.ai/settings/credits', 'code': 402}}
2026-07-13 19:19:54 - ai-support-hitl - ERROR - main.py:728 - main - Error fetching similar past tickets: Error code: 402 - {'error': {'message': 'Insufficient credits. This account never purchased credits. Make sure your key is on the correct account or org, and if so, purchase more at https://openrouter.ai/settings/credits', 'code': 402}}
2026-07-13 19:19:54 - ai-support-hitl - INFO - utils.py:269 - fetch_similar_policy - Fetching similar policy for issue: Urgent security breach or payment failure reported...
2026-07-13 19:19:54 - ai-support-hitl - INFO - utils.py:210 - connect_vector_db - Connecting to VectorDB collection: Policy
2026-07-13 19:19:54 - httpx - INFO - _client.py:1025 - _send_single_request - HTTP Request: POST https://openrouter.ai/api/v1/embeddings "HTTP/1.1 402 Payment Required"
2026-07-13 19:19:54 - ai-support-hitl - ERROR - utils.py:276 - fetch_similar_policy - Error fetching similar policy: Error code: 402 - {'error': {'message': 'Insufficient credits. This account never purchased credits. Make sure your key is on the correct account or org, and if so, purchase more at https://openrouter.ai/settings/credits', 'code': 402}}
2026-07-13 19:19:54 - ai-support-hitl - ERROR - main.py:745 - main - Error fetching similar policy: Error code: 402 - {'error': {'message': 'Insufficient credits. This account never purchased credits. Make sure your key is on the correct account or org, and if so, purchase more at https://openrouter.ai/settings/credits', 'code': 402}}
2026-07-13 19:20:01 - ai-support-hitl - INFO - streamlit_app.py:6 - <module> - Starting Streamlit Application...
2026-07-13 19:20:01 - ai-support-hitl - INFO - streamlit_app.py:17 - <module> - Sample data upload complete. Launching main application...
2026-07-13 19:20:01 - ai-support-hitl - INFO - main.py:31 - main - Loading Environmental Variables...
2026-07-13 19:20:01 - ai-support-hitl - INFO - main.py:37 - main - Connecting to MongoDB...
2026-07-13 19:20:01 - ai-support-hitl - INFO - utils.py:43 - connect_mongo_db - Connecting to MongoDB collection: escalated_tickets
2026-07-13 19:20:01 - ai-support-hitl - INFO - main.py:64 - main - Setting up Streamlit page configuration...
2026-07-13 19:20:01 - ai-support-hitl - INFO - main.py:202 - main - Setting up AI-Support Dashboard...
2026-07-13 19:20:01 - ai-support-hitl - INFO - main.py:208 - main - Sidebar view selected: Escalated
2026-07-13 19:20:01 - ai-support-hitl - INFO - main.py:218 - main - Loading tickets based on selected view...
2026-07-13 19:20:01 - ai-support-hitl - INFO - main.py:156 - get_escalated_tickets - Fetching escalated tickets with limit: 10
2026-07-13 19:20:01 - ai-support-hitl - INFO - main.py:160 - get_escalated_tickets - Fetched 9 escalated tickets
2026-07-13 19:20:01 - ai-support-hitl - INFO - main.py:288 - main - Loading more escalated tickets
2026-07-13 19:20:01 - ai-support-hitl - INFO - streamlit_app.py:6 - <module> - Starting Streamlit Application...
2026-07-13 19:20:01 - ai-support-hitl - INFO - streamlit_app.py:17 - <module> - Sample data upload complete. Launching main application...
2026-07-13 19:20:01 - ai-support-hitl - INFO - main.py:31 - main - Loading Environmental Variables...
2026-07-13 19:20:01 - ai-support-hitl - INFO - main.py:37 - main - Connecting to MongoDB...
2026-07-13 19:20:01 - ai-support-hitl - INFO - utils.py:43 - connect_mongo_db - Connecting to MongoDB collection: escalated_tickets
2026-07-13 19:20:01 - ai-support-hitl - INFO - main.py:64 - main - Setting up Streamlit page configuration...
2026-07-13 19:20:01 - ai-support-hitl - INFO - main.py:202 - main - Setting up AI-Support Dashboard...
2026-07-13 19:20:01 - ai-support-hitl - INFO - main.py:208 - main - Sidebar view selected: Escalated
2026-07-13 19:20:01 - ai-support-hitl - INFO - main.py:218 - main - Loading tickets based on selected view...
2026-07-13 19:20:01 - ai-support-hitl - INFO - main.py:156 - get_escalated_tickets - Fetching escalated tickets with limit: 20
2026-07-13 19:20:01 - ai-support-hitl - INFO - main.py:160 - get_escalated_tickets - Fetched 9 escalated tickets
2026-07-13 19:20:01 - ai-support-hitl - INFO - main.py:355 - main - Selected Escalated Ticket: TKT_0031
2026-07-13 19:20:01 - ai-support-hitl - INFO - utils.py:244 - fetch_similar_past_tickets - Fetching similar past tickets for issue: Urgent security breach or payment failure reported...
2026-07-13 19:20:01 - ai-support-hitl - INFO - utils.py:210 - connect_vector_db - Connecting to VectorDB collection: PreviousData
2026-07-13 19:20:01 - httpx - INFO - _client.py:1025 - _send_single_request - HTTP Request: POST https://openrouter.ai/api/v1/embeddings "HTTP/1.1 402 Payment Required"
2026-07-13 19:20:01 - ai-support-hitl - ERROR - utils.py:251 - fetch_similar_past_tickets - Error fetching similar past tickets: Error code: 402 - {'error': {'message': 'Insufficient credits. This account never purchased credits. Make sure your key is on the correct account or org, and if so, purchase more at https://openrouter.ai/settings/credits', 'code': 402}}
2026-07-13 19:20:01 - ai-support-hitl - ERROR - main.py:728 - main - Error fetching similar past tickets: Error code: 402 - {'error': {'message': 'Insufficient credits. This account never purchased credits. Make sure your key is on the correct account or org, and if so, purchase more at https://openrouter.ai/settings/credits', 'code': 402}}
2026-07-13 19:20:01 - ai-support-hitl - INFO - utils.py:269 - fetch_similar_policy - Fetching similar policy for issue: Urgent security breach or payment failure reported...
2026-07-13 19:20:02 - ai-support-hitl - INFO - utils.py:210 - connect_vector_db - Connecting to VectorDB collection: Policy
2026-07-13 19:20:02 - httpx - INFO - _client.py:1025 - _send_single_request - HTTP Request: POST https://openrouter.ai/api/v1/embeddings "HTTP/1.1 402 Payment Required"
2026-07-13 19:20:02 - ai-support-hitl - ERROR - utils.py:276 - fetch_similar_policy - Error fetching similar policy: Error code: 402 - {'error': {'message': 'Insufficient credits. This account never purchased credits. Make sure your key is on the correct account or org, and if so, purchase more at https://openrouter.ai/settings/credits', 'code': 402}}
2026-07-13 19:20:02 - ai-support-hitl - ERROR - main.py:745 - main - Error fetching similar policy: Error code: 402 - {'error': {'message': 'Insufficient credits. This account never purchased credits. Make sure your key is on the correct account or org, and if so, purchase more at https://openrouter.ai/settings/credits', 'code': 402}}
2026-07-13 19:20:05 - ai-support-hitl - INFO - streamlit_app.py:6 - <module> - Starting Streamlit Application...
2026-07-13 19:20:05 - ai-support-hitl - INFO - streamlit_app.py:17 - <module> - Sample data upload complete. Launching main application...
2026-07-13 19:20:05 - ai-support-hitl - INFO - main.py:31 - main - Loading Environmental Variables...
2026-07-13 19:20:05 - ai-support-hitl - INFO - main.py:37 - main - Connecting to MongoDB...
2026-07-13 19:20:05 - ai-support-hitl - INFO - utils.py:43 - connect_mongo_db - Connecting to MongoDB collection: escalated_tickets
2026-07-13 19:20:05 - ai-support-hitl - INFO - main.py:64 - main - Setting up Streamlit page configuration...
2026-07-13 19:20:05 - ai-support-hitl - INFO - main.py:202 - main - Setting up AI-Support Dashboard...
2026-07-13 19:20:05 - ai-support-hitl - INFO - main.py:208 - main - Sidebar view selected: Escalated
2026-07-13 19:20:05 - ai-support-hitl - INFO - main.py:218 - main - Loading tickets based on selected view...
2026-07-13 19:20:05 - ai-support-hitl - INFO - main.py:156 - get_escalated_tickets - Fetching escalated tickets with limit: 20
2026-07-13 19:20:05 - ai-support-hitl - INFO - main.py:160 - get_escalated_tickets - Fetched 9 escalated tickets
2026-07-13 19:20:05 - ai-support-hitl - INFO - main.py:288 - main - Loading more escalated tickets
2026-07-13 19:20:05 - ai-support-hitl - INFO - streamlit_app.py:6 - <module> - Starting Streamlit Application...
2026-07-13 19:20:05 - ai-support-hitl - INFO - streamlit_app.py:17 - <module> - Sample data upload complete. Launching main application...
2026-07-13 19:20:05 - ai-support-hitl - INFO - main.py:31 - main - Loading Environmental Variables...
2026-07-13 19:20:05 - ai-support-hitl - INFO - main.py:37 - main - Connecting to MongoDB...
2026-07-13 19:20:05 - ai-support-hitl - INFO - utils.py:43 - connect_mongo_db - Connecting to MongoDB collection: escalated_tickets
2026-07-13 19:20:05 - ai-support-hitl - INFO - main.py:64 - main - Setting up Streamlit page configuration...
2026-07-13 19:20:05 - ai-support-hitl - INFO - main.py:202 - main - Setting up AI-Support Dashboard...
2026-07-13 19:20:05 - ai-support-hitl - INFO - main.py:208 - main - Sidebar view selected: Escalated
2026-07-13 19:20:05 - ai-support-hitl - INFO - main.py:218 - main - Loading tickets based on selected view...
2026-07-13 19:20:05 - ai-support-hitl - INFO - main.py:156 - get_escalated_tickets - Fetching escalated tickets with limit: 30
2026-07-13 19:20:05 - ai-support-hitl - INFO - main.py:160 - get_escalated_tickets - Fetched 9 escalated tickets
2026-07-13 19:20:05 - ai-support-hitl - INFO - main.py:355 - main - Selected Escalated Ticket: TKT_0031
2026-07-13 19:20:05 - ai-support-hitl - INFO - utils.py:244 - fetch_similar_past_tickets - Fetching similar past tickets for issue: Urgent security breach or payment failure reported...
2026-07-13 19:20:05 - ai-support-hitl - INFO - utils.py:210 - connect_vector_db - Connecting to VectorDB collection: PreviousData
2026-07-13 19:20:05 - httpx - INFO - _client.py:1025 - _send_single_request - HTTP Request: POST https://openrouter.ai/api/v1/embeddings "HTTP/1.1 402 Payment Required"
2026-07-13 19:20:05 - ai-support-hitl - ERROR - utils.py:251 - fetch_similar_past_tickets - Error fetching similar past tickets: Error code: 402 - {'error': {'message': 'Insufficient credits. This account never purchased credits. Make sure your key is on the correct account or org, and if so, purchase more at https://openrouter.ai/settings/credits', 'code': 402}}
2026-07-13 19:20:05 - ai-support-hitl - ERROR - main.py:728 - main - Error fetching similar past tickets: Error code: 402 - {'error': {'message': 'Insufficient credits. This account never purchased credits. Make sure your key is on the correct account or org, and if so, purchase more at https://openrouter.ai/settings/credits', 'code': 402}}
2026-07-13 19:20:05 - ai-support-hitl - INFO - utils.py:269 - fetch_similar_policy - Fetching similar policy for issue: Urgent security breach or payment failure reported...
2026-07-13 19:20:05 - ai-support-hitl - INFO - utils.py:210 - connect_vector_db - Connecting to VectorDB collection: Policy
2026-07-13 19:20:05 - httpx - INFO - _client.py:1025 - _send_single_request - HTTP Request: POST https://openrouter.ai/api/v1/embeddings "HTTP/1.1 402 Payment Required"
2026-07-13 19:20:05 - ai-support-hitl - ERROR - utils.py:276 - fetch_similar_policy - Error fetching similar policy: Error code: 402 - {'error': {'message': 'Insufficient credits. This account never purchased credits. Make sure your key is on the correct account or org, and if so, purchase more at https://openrouter.ai/settings/credits', 'code': 402}}
2026-07-13 19:20:05 - ai-support-hitl - ERROR - main.py:745 - main - Error fetching similar policy: Error code: 402 - {'error': {'message': 'Insufficient credits. This account never purchased credits. Make sure your key is on the correct account or org, and if so, purchase more at https://openrouter.ai/settings/credits', 'code': 402}}
2026-07-13 19:20:05 - ai-support-hitl - INFO - streamlit_app.py:6 - <module> - Starting Streamlit Application...
2026-07-13 19:20:05 - ai-support-hitl - INFO - streamlit_app.py:17 - <module> - Sample data upload complete. Launching main application...
2026-07-13 19:20:05 - ai-support-hitl - INFO - main.py:31 - main - Loading Environmental Variables...
2026-07-13 19:20:05 - ai-support-hitl - INFO - main.py:37 - main - Connecting to MongoDB...
2026-07-13 19:20:05 - ai-support-hitl - INFO - utils.py:43 - connect_mongo_db - Connecting to MongoDB collection: escalated_tickets
2026-07-13 19:20:05 - ai-support-hitl - INFO - main.py:64 - main - Setting up Streamlit page configuration...
2026-07-13 19:20:05 - ai-support-hitl - INFO - main.py:202 - main - Setting up AI-Support Dashboard...
2026-07-13 19:20:05 - ai-support-hitl - INFO - main.py:208 - main - Sidebar view selected: Escalated
2026-07-13 19:20:05 - ai-support-hitl - INFO - main.py:218 - main - Loading tickets based on selected view...
2026-07-13 19:20:05 - ai-support-hitl - INFO - main.py:156 - get_escalated_tickets - Fetching escalated tickets with limit: 30
2026-07-13 19:20:06 - ai-support-hitl - INFO - main.py:160 - get_escalated_tickets - Fetched 9 escalated tickets
2026-07-13 19:20:06 - ai-support-hitl - INFO - main.py:288 - main - Loading more escalated tickets
2026-07-13 19:20:06 - ai-support-hitl - INFO - streamlit_app.py:6 - <module> - Starting Streamlit Application...
2026-07-13 19:20:06 - ai-support-hitl - INFO - streamlit_app.py:17 - <module> - Sample data upload complete. Launching main application...
2026-07-13 19:20:06 - ai-support-hitl - INFO - main.py:31 - main - Loading Environmental Variables...
2026-07-13 19:20:06 - ai-support-hitl - INFO - main.py:37 - main - Connecting to MongoDB...
2026-07-13 19:20:06 - ai-support-hitl - INFO - utils.py:43 - connect_mongo_db - Connecting to MongoDB collection: escalated_tickets
2026-07-13 19:20:06 - ai-support-hitl - INFO - main.py:64 - main - Setting up Streamlit page configuration...
2026-07-13 19:20:06 - ai-support-hitl - INFO - main.py:202 - main - Setting up AI-Support Dashboard...
2026-07-13 19:20:06 - ai-support-hitl - INFO - main.py:208 - main - Sidebar view selected: Escalated
2026-07-13 19:20:06 - ai-support-hitl - INFO - main.py:218 - main - Loading tickets based on selected view...
2026-07-13 19:20:06 - ai-support-hitl - INFO - main.py:156 - get_escalated_tickets - Fetching escalated tickets with limit: 40
2026-07-13 19:20:06 - ai-support-hitl - INFO - main.py:160 - get_escalated_tickets - Fetched 9 escalated tickets
2026-07-13 19:20:06 - ai-support-hitl - INFO - main.py:355 - main - Selected Escalated Ticket: TKT_0031
2026-07-13 19:20:06 - ai-support-hitl - INFO - utils.py:244 - fetch_similar_past_tickets - Fetching similar past tickets for issue: Urgent security breach or payment failure reported...
2026-07-13 19:20:06 - ai-support-hitl - INFO - utils.py:210 - connect_vector_db - Connecting to VectorDB collection: PreviousData
2026-07-13 19:20:06 - httpx - INFO - _client.py:1025 - _send_single_request - HTTP Request: POST https://openrouter.ai/api/v1/embeddings "HTTP/1.1 402 Payment Required"
2026-07-13 19:20:06 - ai-support-hitl - ERROR - utils.py:251 - fetch_similar_past_tickets - Error fetching similar past tickets: Error code: 402 - {'error': {'message': 'Insufficient credits. This account never purchased credits. Make sure your key is on the correct account or org, and if so, purchase more at https://openrouter.ai/settings/credits', 'code': 402}}
2026-07-13 19:20:06 - ai-support-hitl - ERROR - main.py:728 - main - Error fetching similar past tickets: Error code: 402 - {'error': {'message': 'Insufficient credits. This account never purchased credits. Make sure your key is on the correct account or org, and if so, purchase more at https://openrouter.ai/settings/credits', 'code': 402}}
2026-07-13 19:20:06 - ai-support-hitl - INFO - utils.py:269 - fetch_similar_policy - Fetching similar policy for issue: Urgent security breach or payment failure reported...
2026-07-13 19:20:06 - ai-support-hitl - INFO - utils.py:210 - connect_vector_db - Connecting to VectorDB collection: Policy
2026-07-13 19:20:06 - httpx - INFO - _client.py:1025 - _send_single_request - HTTP Request: POST https://openrouter.ai/api/v1/embeddings "HTTP/1.1 402 Payment Required"
2026-07-13 19:20:06 - ai-support-hitl - ERROR - utils.py:276 - fetch_similar_policy - Error fetching similar policy: Error code: 402 - {'error': {'message': 'Insufficient credits. This account never purchased credits. Make sure your key is on the correct account or org, and if so, purchase more at https://openrouter.ai/settings/credits', 'code': 402}}
2026-07-13 19:20:06 - ai-support-hitl - ERROR - main.py:745 - main - Error fetching similar policy: Error code: 402 - {'error': {'message': 'Insufficient credits. This account never purchased credits. Make sure your key is on the correct account or org, and if so, purchase more at https://openrouter.ai/settings/credits', 'code': 402}}
2026-07-13 19:20:07 - ai-support-hitl - INFO - streamlit_app.py:6 - <module> - Starting Streamlit Application...
2026-07-13 19:20:07 - ai-support-hitl - INFO - streamlit_app.py:17 - <module> - Sample data upload complete. Launching main application...
2026-07-13 19:20:07 - ai-support-hitl - INFO - main.py:31 - main - Loading Environmental Variables...
2026-07-13 19:20:07 - ai-support-hitl - INFO - main.py:37 - main - Connecting to MongoDB...
2026-07-13 19:20:07 - ai-support-hitl - INFO - utils.py:43 - connect_mongo_db - Connecting to MongoDB collection: escalated_tickets
2026-07-13 19:20:07 - ai-support-hitl - INFO - main.py:64 - main - Setting up Streamlit page configuration...
2026-07-13 19:20:07 - ai-support-hitl - INFO - main.py:202 - main - Setting up AI-Support Dashboard...
2026-07-13 19:20:07 - ai-support-hitl - INFO - main.py:208 - main - Sidebar view selected: Drafted
2026-07-13 19:20:07 - ai-support-hitl - INFO - main.py:218 - main - Loading tickets based on selected view...
2026-07-13 19:20:07 - ai-support-hitl - INFO - main.py:132 - get_drafted_tickets - Fetching drafted tickets with limit: 10
2026-07-13 19:20:07 - ai-support-hitl - INFO - main.py:136 - get_drafted_tickets - Fetched 10 drafted tickets
2026-07-13 19:20:07 - ai-support-hitl - INFO - main.py:350 - main - Selected Drafted Ticket: TKT_0019
2026-07-13 19:20:07 - ai-support-hitl - INFO - utils.py:244 - fetch_similar_past_tickets - Fetching similar past tickets for issue: Request for account upgrade - Tier 9...
2026-07-13 19:20:07 - ai-support-hitl - INFO - utils.py:210 - connect_vector_db - Connecting to VectorDB collection: PreviousData
2026-07-13 19:20:08 - httpx - INFO - _client.py:1025 - _send_single_request - HTTP Request: POST https://openrouter.ai/api/v1/embeddings "HTTP/1.1 402 Payment Required"
2026-07-13 19:20:08 - ai-support-hitl - ERROR - utils.py:251 - fetch_similar_past_tickets - Error fetching similar past tickets: Error code: 402 - {'error': {'message': 'Insufficient credits. This account never purchased credits. Make sure your key is on the correct account or org, and if so, purchase more at https://openrouter.ai/settings/credits', 'code': 402}}
2026-07-13 19:20:08 - ai-support-hitl - ERROR - main.py:623 - main - Error fetching similar past tickets: Error code: 402 - {'error': {'message': 'Insufficient credits. This account never purchased credits. Make sure your key is on the correct account or org, and if so, purchase more at https://openrouter.ai/settings/credits', 'code': 402}}
2026-07-13 19:20:08 - ai-support-hitl - INFO - utils.py:269 - fetch_similar_policy - Fetching similar policy for issue: Request for account upgrade - Tier 9...
2026-07-13 19:20:08 - ai-support-hitl - INFO - utils.py:210 - connect_vector_db - Connecting to VectorDB collection: Policy
2026-07-13 19:20:08 - httpx - INFO - _client.py:1025 - _send_single_request - HTTP Request: POST https://openrouter.ai/api/v1/embeddings "HTTP/1.1 402 Payment Required"
2026-07-13 19:20:08 - ai-support-hitl - ERROR - utils.py:276 - fetch_similar_policy - Error fetching similar policy: Error code: 402 - {'error': {'message': 'Insufficient credits. This account never purchased credits. Make sure your key is on the correct account or org, and if so, purchase more at https://openrouter.ai/settings/credits', 'code': 402}}
2026-07-13 19:20:08 - ai-support-hitl - ERROR - main.py:641 - main - Error fetching similar policy: Error code: 402 - {'error': {'message': 'Insufficient credits. This account never purchased credits. Make sure your key is on the correct account or org, and if so, purchase more at https://openrouter.ai/settings/credits', 'code': 402}}
2026-07-13 19:20:09 - ai-support-hitl - INFO - streamlit_app.py:6 - <module> - Starting Streamlit Application...
2026-07-13 19:20:09 - ai-support-hitl - INFO - streamlit_app.py:17 - <module> - Sample data upload complete. Launching main application...
2026-07-13 19:20:09 - ai-support-hitl - INFO - main.py:31 - main - Loading Environmental Variables...
2026-07-13 19:20:09 - ai-support-hitl - INFO - main.py:37 - main - Connecting to MongoDB...
2026-07-13 19:20:09 - ai-support-hitl - INFO - utils.py:43 - connect_mongo_db - Connecting to MongoDB collection: escalated_tickets
2026-07-13 19:20:09 - ai-support-hitl - INFO - main.py:64 - main - Setting up Streamlit page configuration...
2026-07-13 19:20:09 - ai-support-hitl - INFO - main.py:202 - main - Setting up AI-Support Dashboard...
2026-07-13 19:20:09 - ai-support-hitl - INFO - main.py:208 - main - Sidebar view selected: Pending
2026-07-13 19:20:09 - ai-support-hitl - INFO - main.py:218 - main - Loading tickets based on selected view...
2026-07-13 19:20:09 - ai-support-hitl - INFO - main.py:81 - get_pending_tickets - Fetching pending tickets with limit: 20
2026-07-13 19:20:09 - ai-support-hitl - INFO - main.py:85 - get_pending_tickets - Fetched 11 pending tickets
2026-07-13 19:20:09 - ai-support-hitl - INFO - main.py:345 - main - Selected Pending Ticket: TKT_0001
2026-07-13 19:20:09 - ai-support-hitl - INFO - utils.py:244 - fetch_similar_past_tickets - Fetching similar past tickets for issue: Network connectivity issue reported by user 1...
2026-07-13 19:20:09 - ai-support-hitl - INFO - utils.py:210 - connect_vector_db - Connecting to VectorDB collection: PreviousData
2026-07-13 19:20:09 - httpx - INFO - _client.py:1025 - _send_single_request - HTTP Request: POST https://openrouter.ai/api/v1/embeddings "HTTP/1.1 402 Payment Required"
2026-07-13 19:20:09 - ai-support-hitl - ERROR - utils.py:251 - fetch_similar_past_tickets - Error fetching similar past tickets: Error code: 402 - {'error': {'message': 'Insufficient credits. This account never purchased credits. Make sure your key is on the correct account or org, and if so, purchase more at https://openrouter.ai/settings/credits', 'code': 402}}
2026-07-13 19:20:09 - ai-support-hitl - ERROR - main.py:509 - main - Error fetching similar past tickets: Error code: 402 - {'error': {'message': 'Insufficient credits. This account never purchased credits. Make sure your key is on the correct account or org, and if so, purchase more at https://openrouter.ai/settings/credits', 'code': 402}}
2026-07-13 19:20:09 - ai-support-hitl - INFO - utils.py:269 - fetch_similar_policy - Fetching similar policy for issue: Network connectivity issue reported by user 1...
2026-07-13 19:20:09 - ai-support-hitl - INFO - utils.py:210 - connect_vector_db - Connecting to VectorDB collection: Policy
2026-07-13 19:20:09 - httpx - INFO - _client.py:1025 - _send_single_request - HTTP Request: POST https://openrouter.ai/api/v1/embeddings "HTTP/1.1 402 Payment Required"
2026-07-13 19:20:09 - ai-support-hitl - ERROR - utils.py:276 - fetch_similar_policy - Error fetching similar policy: Error code: 402 - {'error': {'message': 'Insufficient credits. This account never purchased credits. Make sure your key is on the correct account or org, and if so, purchase more at https://openrouter.ai/settings/credits', 'code': 402}}
2026-07-13 19:20:09 - ai-support-hitl - ERROR - main.py:526 - main - Error fetching similar policy: Error code: 402 - {'error': {'message': 'Insufficient credits. This account never purchased credits. Make sure your key is on the correct account or org, and if so, purchase more at https://openrouter.ai/settings/credits', 'code': 402}}
2026-07-13 19:20:11 - ai-support-hitl - INFO - streamlit_app.py:6 - <module> - Starting Streamlit Application...
2026-07-13 19:20:11 - ai-support-hitl - INFO - streamlit_app.py:17 - <module> - Sample data upload complete. Launching main application...
2026-07-13 19:20:11 - ai-support-hitl - INFO - main.py:31 - main - Loading Environmental Variables...
2026-07-13 19:20:11 - ai-support-hitl - INFO - main.py:37 - main - Connecting to MongoDB...
2026-07-13 19:20:11 - ai-support-hitl - INFO - utils.py:43 - connect_mongo_db - Connecting to MongoDB collection: escalated_tickets
2026-07-13 19:20:11 - ai-support-hitl - INFO - main.py:64 - main - Setting up Streamlit page configuration...
2026-07-13 19:20:11 - ai-support-hitl - INFO - main.py:202 - main - Setting up AI-Support Dashboard...
2026-07-13 19:20:11 - ai-support-hitl - INFO - main.py:208 - main - Sidebar view selected: Pending
2026-07-13 19:20:11 - ai-support-hitl - INFO - main.py:218 - main - Loading tickets based on selected view...
2026-07-13 19:20:11 - ai-support-hitl - INFO - main.py:81 - get_pending_tickets - Fetching pending tickets with limit: 20
2026-07-13 19:20:11 - ai-support-hitl - INFO - main.py:85 - get_pending_tickets - Fetched 11 pending tickets
2026-07-13 19:20:11 - ai-support-hitl - INFO - main.py:345 - main - Selected Pending Ticket: tkt_testing
2026-07-13 19:20:11 - ai-support-hitl - INFO - utils.py:244 - fetch_similar_past_tickets - Fetching similar past tickets for issue: testing desc
...
2026-07-13 19:20:11 - ai-support-hitl - INFO - utils.py:210 - connect_vector_db - Connecting to VectorDB collection: PreviousData
2026-07-13 19:20:12 - httpx - INFO - _client.py:1025 - _send_single_request - HTTP Request: POST https://openrouter.ai/api/v1/embeddings "HTTP/1.1 402 Payment Required"
2026-07-13 19:20:12 - ai-support-hitl - ERROR - utils.py:251 - fetch_similar_past_tickets - Error fetching similar past tickets: Error code: 402 - {'error': {'message': 'Insufficient credits. This account never purchased credits. Make sure your key is on the correct account or org, and if so, purchase more at https://openrouter.ai/settings/credits', 'code': 402}}
2026-07-13 19:20:12 - ai-support-hitl - ERROR - main.py:509 - main - Error fetching similar past tickets: Error code: 402 - {'error': {'message': 'Insufficient credits. This account never purchased credits. Make sure your key is on the correct account or org, and if so, purchase more at https://openrouter.ai/settings/credits', 'code': 402}}
2026-07-13 19:20:12 - ai-support-hitl - INFO - utils.py:269 - fetch_similar_policy - Fetching similar policy for issue: testing desc
...
2026-07-13 19:20:12 - ai-support-hitl - INFO - utils.py:210 - connect_vector_db - Connecting to VectorDB collection: Policy
2026-07-13 19:20:12 - httpx - INFO - _client.py:1025 - _send_single_request - HTTP Request: POST https://openrouter.ai/api/v1/embeddings "HTTP/1.1 402 Payment Required"
2026-07-13 19:20:12 - ai-support-hitl - ERROR - utils.py:276 - fetch_similar_policy - Error fetching similar policy: Error code: 402 - {'error': {'message': 'Insufficient credits. This account never purchased credits. Make sure your key is on the correct account or org, and if so, purchase more at https://openrouter.ai/settings/credits', 'code': 402}}
2026-07-13 19:20:12 - ai-support-hitl - ERROR - main.py:526 - main - Error fetching similar policy: Error code: 402 - {'error': {'message': 'Insufficient credits. This account never purchased credits. Make sure your key is on the correct account or org, and if so, purchase more at https://openrouter.ai/settings/credits', 'code': 402}}
2026-07-13 19:20:15 - ai-support-hitl - INFO - main.py:412 - handle_escalation_click - Escalating ticket tkt_testing from pending_tickets
2026-07-13 19:20:15 - ai-support-hitl - INFO - utils.py:570 - move_tickets_to_escalated_tickets_in_db - Moving ticket tkt_testing from pending_tickets to escalated
2026-07-13 19:20:15 - ai-support-hitl - INFO - utils.py:43 - connect_mongo_db - Connecting to MongoDB collection: pending_tickets
2026-07-13 19:20:15 - ai-support-hitl - INFO - utils.py:43 - connect_mongo_db - Connecting to MongoDB collection: escalated_tickets
2026-07-13 19:20:15 - ai-support-hitl - INFO - utils.py:581 - move_tickets_to_escalated_tickets_in_db - Successfully moved ticket tkt_testing to escalated
2026-07-13 19:20:15 - ai-support-hitl - INFO - main.py:414 - handle_escalation_click - Successfully escalated ticket tkt_testing
2026-07-13 19:20:15 - ai-support-hitl - INFO - streamlit_app.py:6 - <module> - Starting Streamlit Application...
2026-07-13 19:20:15 - ai-support-hitl - INFO - streamlit_app.py:17 - <module> - Sample data upload complete. Launching main application...
2026-07-13 19:20:15 - ai-support-hitl - INFO - main.py:31 - main - Loading Environmental Variables...
2026-07-13 19:20:15 - ai-support-hitl - INFO - main.py:37 - main - Connecting to MongoDB...
2026-07-13 19:20:15 - ai-support-hitl - INFO - utils.py:43 - connect_mongo_db - Connecting to MongoDB collection: escalated_tickets
2026-07-13 19:20:15 - ai-support-hitl - INFO - main.py:64 - main - Setting up Streamlit page configuration...
2026-07-13 19:20:15 - ai-support-hitl - INFO - main.py:202 - main - Setting up AI-Support Dashboard...
2026-07-13 19:20:15 - ai-support-hitl - INFO - main.py:208 - main - Sidebar view selected: Pending
2026-07-13 19:20:15 - ai-support-hitl - INFO - main.py:218 - main - Loading tickets based on selected view...
2026-07-13 19:20:15 - ai-support-hitl - INFO - main.py:81 - get_pending_tickets - Fetching pending tickets with limit: 20
2026-07-13 19:20:15 - ai-support-hitl - INFO - main.py:85 - get_pending_tickets - Fetched 10 pending tickets
2026-07-13 19:20:15 - ai-support-hitl - INFO - main.py:345 - main - Selected Pending Ticket: TKT_0001
2026-07-13 19:20:15 - ai-support-hitl - INFO - utils.py:244 - fetch_similar_past_tickets - Fetching similar past tickets for issue: Network connectivity issue reported by user 1...
2026-07-13 19:20:15 - ai-support-hitl - INFO - utils.py:210 - connect_vector_db - Connecting to VectorDB collection: PreviousData
2026-07-13 19:20:16 - httpx - INFO - _client.py:1025 - _send_single_request - HTTP Request: POST https://openrouter.ai/api/v1/embeddings "HTTP/1.1 402 Payment Required"
2026-07-13 19:20:16 - ai-support-hitl - ERROR - utils.py:251 - fetch_similar_past_tickets - Error fetching similar past tickets: Error code: 402 - {'error': {'message': 'Insufficient credits. This account never purchased credits. Make sure your key is on the correct account or org, and if so, purchase more at https://openrouter.ai/settings/credits', 'code': 402}}
2026-07-13 19:20:16 - ai-support-hitl - ERROR - main.py:509 - main - Error fetching similar past tickets: Error code: 402 - {'error': {'message': 'Insufficient credits. This account never purchased credits. Make sure your key is on the correct account or org, and if so, purchase more at https://openrouter.ai/settings/credits', 'code': 402}}
2026-07-13 19:20:16 - ai-support-hitl - INFO - utils.py:269 - fetch_similar_policy - Fetching similar policy for issue: Network connectivity issue reported by user 1...
2026-07-13 19:20:16 - ai-support-hitl - INFO - utils.py:210 - connect_vector_db - Connecting to VectorDB collection: Policy
2026-07-13 19:20:16 - httpx - INFO - _client.py:1025 - _send_single_request - HTTP Request: POST https://openrouter.ai/api/v1/embeddings "HTTP/1.1 402 Payment Required"
2026-07-13 19:20:16 - ai-support-hitl - ERROR - utils.py:276 - fetch_similar_policy - Error fetching similar policy: Error code: 402 - {'error': {'message': 'Insufficient credits. This account never purchased credits. Make sure your key is on the correct account or org, and if so, purchase more at https://openrouter.ai/settings/credits', 'code': 402}}
2026-07-13 19:20:16 - ai-support-hitl - ERROR - main.py:526 - main - Error fetching similar policy: Error code: 402 - {'error': {'message': 'Insufficient credits. This account never purchased credits. Make sure your key is on the correct account or org, and if so, purchase more at https://openrouter.ai/settings/credits', 'code': 402}}
2026-07-13 19:20:17 - ai-support-hitl - INFO - main.py:388 - move_tickets_to_completed_tickets_in_db - Moving ticket TKT_0001 to completed (Purpose: pending)
2026-07-13 19:20:17 - ai-support-hitl - INFO - utils.py:415 - move_pending_ticket_to_completed_in_db - Moving pending ticket TKT_0001 to completed
2026-07-13 19:20:17 - ai-support-hitl - INFO - utils.py:43 - connect_mongo_db - Connecting to MongoDB collection: pending_tickets
2026-07-13 19:20:17 - ai-support-hitl - INFO - utils.py:43 - connect_mongo_db - Connecting to MongoDB collection: solved_tickets
2026-07-13 19:20:17 - ai-support-hitl - INFO - utils.py:338 - remove_drafted_ticket_from_db - Removing drafted ticket: TKT_0001
2026-07-13 19:20:17 - ai-support-hitl - INFO - utils.py:43 - connect_mongo_db - Connecting to MongoDB collection: ai_pending_drafted_tickets
2026-07-13 19:20:17 - ai-support-hitl - INFO - utils.py:342 - remove_drafted_ticket_from_db - Successfully removed drafted ticket: TKT_0001
2026-07-13 19:20:17 - ai-support-hitl - INFO - utils.py:454 - move_pending_ticket_to_completed_in_db - Successfully moved pending ticket TKT_0001 to completed
2026-07-13 19:20:17 - ai-support-hitl - INFO - main.py:400 - move_tickets_to_completed_tickets_in_db - Successfully moved ticket TKT_0001 to completed
2026-07-13 19:20:17 - ai-support-hitl - INFO - streamlit_app.py:6 - <module> - Starting Streamlit Application...
2026-07-13 19:20:17 - ai-support-hitl - INFO - streamlit_app.py:17 - <module> - Sample data upload complete. Launching main application...
2026-07-13 19:20:17 - ai-support-hitl - INFO - main.py:31 - main - Loading Environmental Variables...
2026-07-13 19:20:17 - ai-support-hitl - INFO - main.py:37 - main - Connecting to MongoDB...
2026-07-13 19:20:17 - ai-support-hitl - INFO - utils.py:43 - connect_mongo_db - Connecting to MongoDB collection: escalated_tickets
2026-07-13 19:20:17 - ai-support-hitl - INFO - main.py:64 - main - Setting up Streamlit page configuration...
2026-07-13 19:20:17 - ai-support-hitl - INFO - main.py:202 - main - Setting up AI-Support Dashboard...
2026-07-13 19:20:17 - ai-support-hitl - INFO - main.py:208 - main - Sidebar view selected: Pending
2026-07-13 19:20:17 - ai-support-hitl - INFO - main.py:218 - main - Loading tickets based on selected view...
2026-07-13 19:20:17 - ai-support-hitl - INFO - main.py:81 - get_pending_tickets - Fetching pending tickets with limit: 20
2026-07-13 19:20:17 - ai-support-hitl - INFO - main.py:85 - get_pending_tickets - Fetched 9 pending tickets
2026-07-13 19:20:17 - ai-support-hitl - INFO - main.py:345 - main - Selected Pending Ticket: TKT_0002
2026-07-13 19:20:17 - ai-support-hitl - INFO - utils.py:244 - fetch_similar_past_tickets - Fetching similar past tickets for issue: Network connectivity issue reported by user 2...
2026-07-13 19:20:17 - ai-support-hitl - INFO - utils.py:210 - connect_vector_db - Connecting to VectorDB collection: PreviousData
2026-07-13 19:20:17 - httpx - INFO - _client.py:1025 - _send_single_request - HTTP Request: POST https://openrouter.ai/api/v1/embeddings "HTTP/1.1 402 Payment Required"
2026-07-13 19:20:17 - ai-support-hitl - ERROR - utils.py:251 - fetch_similar_past_tickets - Error fetching similar past tickets: Error code: 402 - {'error': {'message': 'Insufficient credits. This account never purchased credits. Make sure your key is on the correct account or org, and if so, purchase more at https://openrouter.ai/settings/credits', 'code': 402}}
2026-07-13 19:20:17 - ai-support-hitl - ERROR - main.py:509 - main - Error fetching similar past tickets: Error code: 402 - {'error': {'message': 'Insufficient credits. This account never purchased credits. Make sure your key is on the correct account or org, and if so, purchase more at https://openrouter.ai/settings/credits', 'code': 402}}
2026-07-13 19:20:17 - ai-support-hitl - INFO - utils.py:269 - fetch_similar_policy - Fetching similar policy for issue: Network connectivity issue reported by user 2...
2026-07-13 19:20:17 - ai-support-hitl - INFO - utils.py:210 - connect_vector_db - Connecting to VectorDB collection: Policy
2026-07-13 19:20:17 - httpx - INFO - _client.py:1025 - _send_single_request - HTTP Request: POST https://openrouter.ai/api/v1/embeddings "HTTP/1.1 402 Payment Required"
2026-07-13 19:20:17 - ai-support-hitl - ERROR - utils.py:276 - fetch_similar_policy - Error fetching similar policy: Error code: 402 - {'error': {'message': 'Insufficient credits. This account never purchased credits. Make sure your key is on the correct account or org, and if so, purchase more at https://openrouter.ai/settings/credits', 'code': 402}}
2026-07-13 19:20:17 - ai-support-hitl - ERROR - main.py:526 - main - Error fetching similar policy: Error code: 402 - {'error': {'message': 'Insufficient credits. This account never purchased credits. Make sure your key is on the correct account or org, and if so, purchase more at https://openrouter.ai/settings/credits', 'code': 402}}
2026-07-13 19:20:18 - ai-support-hitl - INFO - streamlit_app.py:6 - <module> - Starting Streamlit Application...
2026-07-13 19:20:18 - ai-support-hitl - INFO - streamlit_app.py:17 - <module> - Sample data upload complete. Launching main application...
2026-07-13 19:20:18 - ai-support-hitl - INFO - main.py:31 - main - Loading Environmental Variables...
2026-07-13 19:20:18 - ai-support-hitl - INFO - main.py:37 - main - Connecting to MongoDB...
2026-07-13 19:20:18 - ai-support-hitl - INFO - utils.py:43 - connect_mongo_db - Connecting to MongoDB collection: escalated_tickets
2026-07-13 19:20:18 - ai-support-hitl - INFO - main.py:64 - main - Setting up Streamlit page configuration...
2026-07-13 19:20:18 - ai-support-hitl - INFO - main.py:202 - main - Setting up AI-Support Dashboard...
2026-07-13 19:20:18 - ai-support-hitl - INFO - main.py:208 - main - Sidebar view selected: Escalated
2026-07-13 19:20:18 - ai-support-hitl - INFO - main.py:218 - main - Loading tickets based on selected view...
2026-07-13 19:20:18 - ai-support-hitl - INFO - main.py:156 - get_escalated_tickets - Fetching escalated tickets with limit: 40
2026-07-13 19:20:18 - ai-support-hitl - INFO - main.py:160 - get_escalated_tickets - Fetched 10 escalated tickets
2026-07-13 19:20:18 - ai-support-hitl - INFO - main.py:355 - main - Selected Escalated Ticket: TKT_0031
2026-07-13 19:20:18 - ai-support-hitl - INFO - utils.py:244 - fetch_similar_past_tickets - Fetching similar past tickets for issue: Urgent security breach or payment failure reported...
2026-07-13 19:20:18 - ai-support-hitl - INFO - utils.py:210 - connect_vector_db - Connecting to VectorDB collection: PreviousData
2026-07-13 19:20:18 - httpx - INFO - _client.py:1025 - _send_single_request - HTTP Request: POST https://openrouter.ai/api/v1/embeddings "HTTP/1.1 402 Payment Required"
2026-07-13 19:20:19 - ai-support-hitl - ERROR - utils.py:251 - fetch_similar_past_tickets - Error fetching similar past tickets: Error code: 402 - {'error': {'message': 'Insufficient credits. This account never purchased credits. Make sure your key is on the correct account or org, and if so, purchase more at https://openrouter.ai/settings/credits', 'code': 402}}
2026-07-13 19:20:19 - ai-support-hitl - ERROR - main.py:728 - main - Error fetching similar past tickets: Error code: 402 - {'error': {'message': 'Insufficient credits. This account never purchased credits. Make sure your key is on the correct account or org, and if so, purchase more at https://openrouter.ai/settings/credits', 'code': 402}}
2026-07-13 19:20:19 - ai-support-hitl - INFO - utils.py:269 - fetch_similar_policy - Fetching similar policy for issue: Urgent security breach or payment failure reported...
2026-07-13 19:20:19 - ai-support-hitl - INFO - utils.py:210 - connect_vector_db - Connecting to VectorDB collection: Policy
2026-07-13 19:20:19 - httpx - INFO - _client.py:1025 - _send_single_request - HTTP Request: POST https://openrouter.ai/api/v1/embeddings "HTTP/1.1 402 Payment Required"
2026-07-13 19:20:19 - ai-support-hitl - ERROR - utils.py:276 - fetch_similar_policy - Error fetching similar policy: Error code: 402 - {'error': {'message': 'Insufficient credits. This account never purchased credits. Make sure your key is on the correct account or org, and if so, purchase more at https://openrouter.ai/settings/credits', 'code': 402}}
2026-07-13 19:20:19 - ai-support-hitl - ERROR - main.py:745 - main - Error fetching similar policy: Error code: 402 - {'error': {'message': 'Insufficient credits. This account never purchased credits. Make sure your key is on the correct account or org, and if so, purchase more at https://openrouter.ai/settings/credits', 'code': 402}}
2026-07-13 19:20:21 - ai-support-hitl - INFO - streamlit_app.py:6 - <module> - Starting Streamlit Application...
2026-07-13 19:20:21 - ai-support-hitl - INFO - streamlit_app.py:17 - <module> - Sample data upload complete. Launching main application...
2026-07-13 19:20:21 - ai-support-hitl - INFO - main.py:31 - main - Loading Environmental Variables...
2026-07-13 19:20:21 - ai-support-hitl - INFO - main.py:37 - main - Connecting to MongoDB...
2026-07-13 19:20:21 - ai-support-hitl - INFO - utils.py:43 - connect_mongo_db - Connecting to MongoDB collection: escalated_tickets
2026-07-13 19:20:21 - ai-support-hitl - INFO - main.py:64 - main - Setting up Streamlit page configuration...
2026-07-13 19:20:21 - ai-support-hitl - INFO - main.py:202 - main - Setting up AI-Support Dashboard...
2026-07-13 19:20:21 - ai-support-hitl - INFO - main.py:208 - main - Sidebar view selected: Escalated
2026-07-13 19:20:21 - ai-support-hitl - INFO - main.py:218 - main - Loading tickets based on selected view...
2026-07-13 19:20:21 - ai-support-hitl - INFO - main.py:156 - get_escalated_tickets - Fetching escalated tickets with limit: 40
2026-07-13 19:20:21 - ai-support-hitl - INFO - main.py:160 - get_escalated_tickets - Fetched 10 escalated tickets
2026-07-13 19:20:21 - ai-support-hitl - INFO - main.py:355 - main - Selected Escalated Ticket: tkt_testing
2026-07-13 19:20:21 - ai-support-hitl - INFO - utils.py:244 - fetch_similar_past_tickets - Fetching similar past tickets for issue: testing desc
...
2026-07-13 19:20:21 - ai-support-hitl - INFO - utils.py:210 - connect_vector_db - Connecting to VectorDB collection: PreviousData
2026-07-13 19:20:21 - httpx - INFO - _client.py:1025 - _send_single_request - HTTP Request: POST https://openrouter.ai/api/v1/embeddings "HTTP/1.1 402 Payment Required"
2026-07-13 19:20:21 - ai-support-hitl - ERROR - utils.py:251 - fetch_similar_past_tickets - Error fetching similar past tickets: Error code: 402 - {'error': {'message': 'Insufficient credits. This account never purchased credits. Make sure your key is on the correct account or org, and if so, purchase more at https://openrouter.ai/settings/credits', 'code': 402}}
2026-07-13 19:20:21 - ai-support-hitl - ERROR - main.py:728 - main - Error fetching similar past tickets: Error code: 402 - {'error': {'message': 'Insufficient credits. This account never purchased credits. Make sure your key is on the correct account or org, and if so, purchase more at https://openrouter.ai/settings/credits', 'code': 402}}
2026-07-13 19:20:21 - ai-support-hitl - INFO - utils.py:269 - fetch_similar_policy - Fetching similar policy for issue: testing desc
...
2026-07-13 19:20:21 - ai-support-hitl - INFO - utils.py:210 - connect_vector_db - Connecting to VectorDB collection: Policy
2026-07-13 19:20:21 - httpx - INFO - _client.py:1025 - _send_single_request - HTTP Request: POST https://openrouter.ai/api/v1/embeddings "HTTP/1.1 402 Payment Required"
2026-07-13 19:20:21 - ai-support-hitl - ERROR - utils.py:276 - fetch_similar_policy - Error fetching similar policy: Error code: 402 - {'error': {'message': 'Insufficient credits. This account never purchased credits. Make sure your key is on the correct account or org, and if so, purchase more at https://openrouter.ai/settings/credits', 'code': 402}}
2026-07-13 19:20:21 - ai-support-hitl - ERROR - main.py:745 - main - Error fetching similar policy: Error code: 402 - {'error': {'message': 'Insufficient credits. This account never purchased credits. Make sure your key is on the correct account or org, and if so, purchase more at https://openrouter.ai/settings/credits', 'code': 402}}
2026-07-13 19:20:22 - ai-support-hitl - INFO - main.py:105 - handle_rephase_using_ai_click - Rephasing text for escalated ticket with temperature 0.5
2026-07-13 19:20:22 - ai-support-hitl - INFO - utils.py:528 - call_llm_to_rephase - Calling LLM to rephase text with temperature: 0.5
2026-07-13 19:20:22 - ai-support-hitl - INFO - utils.py:76 - get_llm_object - Creating LLM object with model: openai/gpt-4o-mini
2026-07-13 19:20:23 - httpx - INFO - _client.py:1025 - _send_single_request - HTTP Request: POST https://openrouter.ai/api/v1/chat/completions "HTTP/1.1 402 Payment Required"
2026-07-13 19:20:23 - ai-support-hitl - ERROR - main.py:117 - handle_rephase_using_ai_click - Error rephasing text: Error code: 402 - {'error': {'message': 'Insufficient credits. This account never purchased credits. Make sure your key is on the correct account or org, and if so, purchase more at https://openrouter.ai/settings/credits', 'code': 402}}
2026-07-13 19:20:23 - ai-support-hitl - INFO - streamlit_app.py:6 - <module> - Starting Streamlit Application...
2026-07-13 19:20:23 - ai-support-hitl - INFO - streamlit_app.py:17 - <module> - Sample data upload complete. Launching main application...
2026-07-13 19:20:23 - ai-support-hitl - INFO - main.py:31 - main - Loading Environmental Variables...
2026-07-13 19:20:23 - ai-support-hitl - INFO - main.py:37 - main - Connecting to MongoDB...
2026-07-13 19:20:23 - ai-support-hitl - INFO - utils.py:43 - connect_mongo_db - Connecting to MongoDB collection: escalated_tickets
2026-07-13 19:20:23 - ai-support-hitl - INFO - main.py:64 - main - Setting up Streamlit page configuration...
2026-07-13 19:20:23 - ai-support-hitl - INFO - main.py:202 - main - Setting up AI-Support Dashboard...
2026-07-13 19:20:23 - ai-support-hitl - INFO - main.py:208 - main - Sidebar view selected: Escalated
2026-07-13 19:20:23 - ai-support-hitl - INFO - main.py:218 - main - Loading tickets based on selected view...
2026-07-13 19:20:23 - ai-support-hitl - INFO - main.py:156 - get_escalated_tickets - Fetching escalated tickets with limit: 40
2026-07-13 19:20:23 - ai-support-hitl - INFO - main.py:160 - get_escalated_tickets - Fetched 10 escalated tickets
2026-07-13 19:20:23 - ai-support-hitl - INFO - main.py:355 - main - Selected Escalated Ticket: tkt_testing
2026-07-13 19:20:23 - ai-support-hitl - INFO - utils.py:244 - fetch_similar_past_tickets - Fetching similar past tickets for issue: testing desc
...
2026-07-13 19:20:23 - ai-support-hitl - INFO - utils.py:210 - connect_vector_db - Connecting to VectorDB collection: PreviousData
2026-07-13 19:20:23 - httpx - INFO - _client.py:1025 - _send_single_request - HTTP Request: POST https://openrouter.ai/api/v1/embeddings "HTTP/1.1 402 Payment Required"
2026-07-13 19:20:23 - ai-support-hitl - ERROR - utils.py:251 - fetch_similar_past_tickets - Error fetching similar past tickets: Error code: 402 - {'error': {'message': 'Insufficient credits. This account never purchased credits. Make sure your key is on the correct account or org, and if so, purchase more at https://openrouter.ai/settings/credits', 'code': 402}}
2026-07-13 19:20:23 - ai-support-hitl - ERROR - main.py:728 - main - Error fetching similar past tickets: Error code: 402 - {'error': {'message': 'Insufficient credits. This account never purchased credits. Make sure your key is on the correct account or org, and if so, purchase more at https://openrouter.ai/settings/credits', 'code': 402}}
2026-07-13 19:20:23 - ai-support-hitl - INFO - utils.py:269 - fetch_similar_policy - Fetching similar policy for issue: testing desc
...
2026-07-13 19:20:23 - ai-support-hitl - INFO - utils.py:210 - connect_vector_db - Connecting to VectorDB collection: Policy
2026-07-13 19:20:23 - httpx - INFO - _client.py:1025 - _send_single_request - HTTP Request: POST https://openrouter.ai/api/v1/embeddings "HTTP/1.1 402 Payment Required"
2026-07-13 19:20:23 - ai-support-hitl - ERROR - utils.py:276 - fetch_similar_policy - Error fetching similar policy: Error code: 402 - {'error': {'message': 'Insufficient credits. This account never purchased credits. Make sure your key is on the correct account or org, and if so, purchase more at https://openrouter.ai/settings/credits', 'code': 402}}
2026-07-13 19:20:23 - ai-support-hitl - ERROR - main.py:745 - main - Error fetching similar policy: Error code: 402 - {'error': {'message': 'Insufficient credits. This account never purchased credits. Make sure your key is on the correct account or org, and if so, purchase more at https://openrouter.ai/settings/credits', 'code': 402}}
2026-07-13 19:20:24 - ai-support-hitl - INFO - main.py:388 - move_tickets_to_completed_tickets_in_db - Moving ticket tkt_testing to completed (Purpose: escalated)
2026-07-13 19:20:24 - ai-support-hitl - INFO - utils.py:364 - move_escalated_ticket_to_completed_in_db - Moving escalated ticket tkt_testing to completed
2026-07-13 19:20:24 - ai-support-hitl - INFO - utils.py:43 - connect_mongo_db - Connecting to MongoDB collection: escalated_tickets
2026-07-13 19:20:24 - ai-support-hitl - INFO - utils.py:43 - connect_mongo_db - Connecting to MongoDB collection: solved_tickets
2026-07-13 19:20:24 - ai-support-hitl - INFO - utils.py:393 - move_escalated_ticket_to_completed_in_db - Successfully moved escalated ticket tkt_testing to completed
2026-07-13 19:20:24 - ai-support-hitl - INFO - main.py:400 - move_tickets_to_completed_tickets_in_db - Successfully moved ticket tkt_testing to completed
2026-07-13 19:20:24 - ai-support-hitl - INFO - streamlit_app.py:6 - <module> - Starting Streamlit Application...
2026-07-13 19:20:24 - ai-support-hitl - INFO - streamlit_app.py:17 - <module> - Sample data upload complete. Launching main application...
2026-07-13 19:20:24 - ai-support-hitl - INFO - main.py:31 - main - Loading Environmental Variables...
2026-07-13 19:20:24 - ai-support-hitl - INFO - main.py:37 - main - Connecting to MongoDB...
2026-07-13 19:20:24 - ai-support-hitl - INFO - utils.py:43 - connect_mongo_db - Connecting to MongoDB collection: escalated_tickets
2026-07-13 19:20:24 - ai-support-hitl - INFO - main.py:64 - main - Setting up Streamlit page configuration...
2026-07-13 19:20:24 - ai-support-hitl - INFO - main.py:202 - main - Setting up AI-Support Dashboard...
2026-07-13 19:20:24 - ai-support-hitl - INFO - main.py:208 - main - Sidebar view selected: Escalated
2026-07-13 19:20:24 - ai-support-hitl - INFO - main.py:218 - main - Loading tickets based on selected view...
2026-07-13 19:20:24 - ai-support-hitl - INFO - main.py:156 - get_escalated_tickets - Fetching escalated tickets with limit: 40
2026-07-13 19:20:24 - ai-support-hitl - INFO - main.py:160 - get_escalated_tickets - Fetched 9 escalated tickets
2026-07-13 19:20:24 - ai-support-hitl - INFO - main.py:355 - main - Selected Escalated Ticket: TKT_0031
2026-07-13 19:20:24 - ai-support-hitl - INFO - utils.py:244 - fetch_similar_past_tickets - Fetching similar past tickets for issue: Urgent security breach or payment failure reported...
2026-07-13 19:20:24 - ai-support-hitl - INFO - utils.py:210 - connect_vector_db - Connecting to VectorDB collection: PreviousData
2026-07-13 19:20:24 - httpx - INFO - _client.py:1025 - _send_single_request - HTTP Request: POST https://openrouter.ai/api/v1/embeddings "HTTP/1.1 402 Payment Required"
2026-07-13 19:20:24 - ai-support-hitl - ERROR - utils.py:251 - fetch_similar_past_tickets - Error fetching similar past tickets: Error code: 402 - {'error': {'message': 'Insufficient credits. This account never purchased credits. Make sure your key is on the correct account or org, and if so, purchase more at https://openrouter.ai/settings/credits', 'code': 402}}
2026-07-13 19:20:24 - ai-support-hitl - ERROR - main.py:728 - main - Error fetching similar past tickets: Error code: 402 - {'error': {'message': 'Insufficient credits. This account never purchased credits. Make sure your key is on the correct account or org, and if so, purchase more at https://openrouter.ai/settings/credits', 'code': 402}}
2026-07-13 19:20:24 - ai-support-hitl - INFO - utils.py:269 - fetch_similar_policy - Fetching similar policy for issue: Urgent security breach or payment failure reported...
2026-07-13 19:20:24 - ai-support-hitl - INFO - utils.py:210 - connect_vector_db - Connecting to VectorDB collection: Policy
2026-07-13 19:20:24 - httpx - INFO - _client.py:1025 - _send_single_request - HTTP Request: POST https://openrouter.ai/api/v1/embeddings "HTTP/1.1 402 Payment Required"
2026-07-13 19:20:24 - ai-support-hitl - ERROR - utils.py:276 - fetch_similar_policy - Error fetching similar policy: Error code: 402 - {'error': {'message': 'Insufficient credits. This account never purchased credits. Make sure your key is on the correct account or org, and if so, purchase more at https://openrouter.ai/settings/credits', 'code': 402}}
2026-07-13 19:20:24 - ai-support-hitl - ERROR - main.py:745 - main - Error fetching similar policy: Error code: 402 - {'error': {'message': 'Insufficient credits. This account never purchased credits. Make sure your key is on the correct account or org, and if so, purchase more at https://openrouter.ai/settings/credits', 'code': 402}}
2026-07-13 19:20:26 - ai-support-hitl - INFO - streamlit_app.py:6 - <module> - Starting Streamlit Application...
2026-07-13 19:20:26 - ai-support-hitl - INFO - streamlit_app.py:17 - <module> - Sample data upload complete. Launching main application...
2026-07-13 19:20:26 - ai-support-hitl - INFO - main.py:31 - main - Loading Environmental Variables...
2026-07-13 19:20:26 - ai-support-hitl - INFO - main.py:37 - main - Connecting to MongoDB...
2026-07-13 19:20:26 - ai-support-hitl - INFO - utils.py:43 - connect_mongo_db - Connecting to MongoDB collection: escalated_tickets
2026-07-13 19:20:26 - ai-support-hitl - INFO - main.py:64 - main - Setting up Streamlit page configuration...
2026-07-13 19:20:26 - ai-support-hitl - INFO - main.py:202 - main - Setting up AI-Support Dashboard...
2026-07-13 19:20:26 - ai-support-hitl - INFO - main.py:208 - main - Sidebar view selected: Completed
2026-07-13 19:20:26 - ai-support-hitl - INFO - main.py:218 - main - Loading tickets based on selected view...
2026-07-13 19:20:26 - ai-support-hitl - INFO - main.py:180 - get_completed_tickets - Fetching completed tickets with limit: 10
2026-07-13 19:20:26 - ai-support-hitl - INFO - main.py:182 - get_completed_tickets - Fetched 10 completed tickets
2026-07-13 19:20:26 - ai-support-hitl - INFO - main.py:360 - main - Selected Completed Ticket: TKT_0029
2026-07-13 19:20:31 - ai-support-hitl - INFO - streamlit_app.py:6 - <module> - Starting Streamlit Application...
2026-07-13 19:20:31 - ai-support-hitl - INFO - streamlit_app.py:17 - <module> - Sample data upload complete. Launching main application...
2026-07-13 19:20:31 - ai-support-hitl - INFO - main.py:31 - main - Loading Environmental Variables...
2026-07-13 19:20:31 - ai-support-hitl - INFO - main.py:37 - main - Connecting to MongoDB...
2026-07-13 19:20:31 - ai-support-hitl - INFO - utils.py:43 - connect_mongo_db - Connecting to MongoDB collection: escalated_tickets
2026-07-13 19:20:31 - ai-support-hitl - INFO - main.py:64 - main - Setting up Streamlit page configuration...
2026-07-13 19:20:31 - ai-support-hitl - INFO - main.py:202 - main - Setting up AI-Support Dashboard...
2026-07-13 19:20:31 - ai-support-hitl - INFO - main.py:208 - main - Sidebar view selected: Completed
2026-07-13 19:20:31 - ai-support-hitl - INFO - main.py:218 - main - Loading tickets based on selected view...
2026-07-13 19:20:31 - ai-support-hitl - INFO - main.py:180 - get_completed_tickets - Fetching completed tickets with limit: 10
2026-07-13 19:20:31 - ai-support-hitl - INFO - main.py:182 - get_completed_tickets - Fetched 10 completed tickets
2026-07-13 19:20:31 - ai-support-hitl - INFO - main.py:317 - main - Loading more completed tickets
2026-07-13 19:20:31 - ai-support-hitl - INFO - streamlit_app.py:6 - <module> - Starting Streamlit Application...
2026-07-13 19:20:31 - ai-support-hitl - INFO - streamlit_app.py:17 - <module> - Sample data upload complete. Launching main application...
2026-07-13 19:20:31 - ai-support-hitl - INFO - main.py:31 - main - Loading Environmental Variables...
2026-07-13 19:20:31 - ai-support-hitl - INFO - main.py:37 - main - Connecting to MongoDB...
2026-07-13 19:20:31 - ai-support-hitl - INFO - utils.py:43 - connect_mongo_db - Connecting to MongoDB collection: escalated_tickets
2026-07-13 19:20:31 - ai-support-hitl - INFO - main.py:64 - main - Setting up Streamlit page configuration...
2026-07-13 19:20:31 - ai-support-hitl - INFO - main.py:202 - main - Setting up AI-Support Dashboard...
2026-07-13 19:20:31 - ai-support-hitl - INFO - main.py:208 - main - Sidebar view selected: Completed
2026-07-13 19:20:31 - ai-support-hitl - INFO - main.py:218 - main - Loading tickets based on selected view...
2026-07-13 19:20:31 - ai-support-hitl - INFO - main.py:180 - get_completed_tickets - Fetching completed tickets with limit: 20
2026-07-13 19:20:31 - ai-support-hitl - INFO - main.py:182 - get_completed_tickets - Fetched 13 completed tickets
2026-07-13 19:20:31 - ai-support-hitl - INFO - main.py:360 - main - Selected Completed Ticket: TKT_0021
2026-07-13 19:20:34 - ai-support-hitl - INFO - streamlit_app.py:6 - <module> - Starting Streamlit Application...
2026-07-13 19:20:34 - ai-support-hitl - INFO - streamlit_app.py:17 - <module> - Sample data upload complete. Launching main application...
2026-07-13 19:20:34 - ai-support-hitl - INFO - main.py:31 - main - Loading Environmental Variables...
2026-07-13 19:20:34 - ai-support-hitl - INFO - main.py:37 - main - Connecting to MongoDB...
2026-07-13 19:20:34 - ai-support-hitl - INFO - utils.py:43 - connect_mongo_db - Connecting to MongoDB collection: escalated_tickets
2026-07-13 19:20:34 - ai-support-hitl - INFO - main.py:64 - main - Setting up Streamlit page configuration...
2026-07-13 19:20:34 - ai-support-hitl - INFO - main.py:202 - main - Setting up AI-Support Dashboard...
2026-07-13 19:20:34 - ai-support-hitl - INFO - main.py:208 - main - Sidebar view selected: Raise Ticket
2026-07-13 19:20:34 - ai-support-hitl - INFO - main.py:218 - main - Loading tickets based on selected view...
2026-07-13 19:20:50 - ai-support-hitl - INFO - streamlit_app.py:6 - <module> - Starting Streamlit Application...
2026-07-13 19:20:50 - ai-support-hitl - INFO - streamlit_app.py:17 - <module> - Sample data upload complete. Launching main application...
2026-07-13 19:20:50 - ai-support-hitl - INFO - main.py:31 - main - Loading Environmental Variables...
2026-07-13 19:20:50 - ai-support-hitl - INFO - main.py:37 - main - Connecting to MongoDB...
2026-07-13 19:20:50 - ai-support-hitl - INFO - utils.py:43 - connect_mongo_db - Connecting to MongoDB collection: escalated_tickets
2026-07-13 19:20:50 - ai-support-hitl - INFO - main.py:64 - main - Setting up Streamlit page configuration...
2026-07-13 19:20:50 - ai-support-hitl - INFO - main.py:202 - main - Setting up AI-Support Dashboard...
2026-07-13 19:20:50 - ai-support-hitl - INFO - main.py:208 - main - Sidebar view selected: Raise Ticket
2026-07-13 19:20:50 - ai-support-hitl - INFO - main.py:218 - main - Loading tickets based on selected view...
2026-07-13 19:20:53 - ai-support-hitl - INFO - streamlit_app.py:6 - <module> - Starting Streamlit Application...
2026-07-13 19:20:53 - ai-support-hitl - INFO - streamlit_app.py:17 - <module> - Sample data upload complete. Launching main application...
2026-07-13 19:20:53 - ai-support-hitl - INFO - main.py:31 - main - Loading Environmental Variables...
2026-07-13 19:20:53 - ai-support-hitl - INFO - main.py:37 - main - Connecting to MongoDB...
2026-07-13 19:20:53 - ai-support-hitl - INFO - utils.py:43 - connect_mongo_db - Connecting to MongoDB collection: escalated_tickets
2026-07-13 19:20:53 - ai-support-hitl - INFO - main.py:64 - main - Setting up Streamlit page configuration...
2026-07-13 19:20:53 - ai-support-hitl - INFO - main.py:202 - main - Setting up AI-Support Dashboard...
2026-07-13 19:20:53 - ai-support-hitl - INFO - main.py:208 - main - Sidebar view selected: Drafted
2026-07-13 19:20:53 - ai-support-hitl - INFO - main.py:218 - main - Loading tickets based on selected view...
2026-07-13 19:20:53 - ai-support-hitl - INFO - main.py:132 - get_drafted_tickets - Fetching drafted tickets with limit: 10
2026-07-13 19:20:53 - ai-support-hitl - INFO - main.py:136 - get_drafted_tickets - Fetched 10 drafted tickets
2026-07-13 19:20:53 - ai-support-hitl - INFO - main.py:350 - main - Selected Drafted Ticket: TKT_0019
2026-07-13 19:20:53 - ai-support-hitl - INFO - utils.py:244 - fetch_similar_past_tickets - Fetching similar past tickets for issue: Request for account upgrade - Tier 9...
2026-07-13 19:20:53 - ai-support-hitl - INFO - utils.py:210 - connect_vector_db - Connecting to VectorDB collection: PreviousData
2026-07-13 19:20:53 - httpx - INFO - _client.py:1025 - _send_single_request - HTTP Request: POST https://openrouter.ai/api/v1/embeddings "HTTP/1.1 402 Payment Required"
2026-07-13 19:20:53 - ai-support-hitl - ERROR - utils.py:251 - fetch_similar_past_tickets - Error fetching similar past tickets: Error code: 402 - {'error': {'message': 'Insufficient credits. This account never purchased credits. Make sure your key is on the correct account or org, and if so, purchase more at https://openrouter.ai/settings/credits', 'code': 402}}
2026-07-13 19:20:53 - ai-support-hitl - ERROR - main.py:623 - main - Error fetching similar past tickets: Error code: 402 - {'error': {'message': 'Insufficient credits. This account never purchased credits. Make sure your key is on the correct account or org, and if so, purchase more at https://openrouter.ai/settings/credits', 'code': 402}}
2026-07-13 19:20:53 - ai-support-hitl - INFO - utils.py:269 - fetch_similar_policy - Fetching similar policy for issue: Request for account upgrade - Tier 9...
2026-07-13 19:20:53 - ai-support-hitl - INFO - utils.py:210 - connect_vector_db - Connecting to VectorDB collection: Policy
2026-07-13 19:20:54 - httpx - INFO - _client.py:1025 - _send_single_request - HTTP Request: POST https://openrouter.ai/api/v1/embeddings "HTTP/1.1 402 Payment Required"
2026-07-13 19:20:54 - ai-support-hitl - ERROR - utils.py:276 - fetch_similar_policy - Error fetching similar policy: Error code: 402 - {'error': {'message': 'Insufficient credits. This account never purchased credits. Make sure your key is on the correct account or org, and if so, purchase more at https://openrouter.ai/settings/credits', 'code': 402}}
2026-07-13 19:20:54 - ai-support-hitl - ERROR - main.py:641 - main - Error fetching similar policy: Error code: 402 - {'error': {'message': 'Insufficient credits. This account never purchased credits. Make sure your key is on the correct account or org, and if so, purchase more at https://openrouter.ai/settings/credits', 'code': 402}}
2026-07-13 19:20:54 - ai-support-hitl - INFO - streamlit_app.py:6 - <module> - Starting Streamlit Application...
2026-07-13 19:20:54 - ai-support-hitl - INFO - streamlit_app.py:17 - <module> - Sample data upload complete. Launching main application...
2026-07-13 19:20:54 - ai-support-hitl - INFO - main.py:31 - main - Loading Environmental Variables...
2026-07-13 19:20:54 - ai-support-hitl - INFO - main.py:37 - main - Connecting to MongoDB...
2026-07-13 19:20:54 - ai-support-hitl - INFO - utils.py:43 - connect_mongo_db - Connecting to MongoDB collection: escalated_tickets
2026-07-13 19:20:54 - ai-support-hitl - INFO - main.py:64 - main - Setting up Streamlit page configuration...
2026-07-13 19:20:54 - ai-support-hitl - INFO - main.py:202 - main - Setting up AI-Support Dashboard...
2026-07-13 19:20:54 - ai-support-hitl - INFO - main.py:208 - main - Sidebar view selected: Pending
2026-07-13 19:20:54 - ai-support-hitl - INFO - main.py:218 - main - Loading tickets based on selected view...
2026-07-13 19:20:54 - ai-support-hitl - INFO - main.py:81 - get_pending_tickets - Fetching pending tickets with limit: 20
2026-07-13 19:20:54 - ai-support-hitl - INFO - main.py:85 - get_pending_tickets - Fetched 10 pending tickets
2026-07-13 19:20:54 - ai-support-hitl - INFO - main.py:345 - main - Selected Pending Ticket: TKT_0002
2026-07-13 19:20:54 - ai-support-hitl - INFO - utils.py:244 - fetch_similar_past_tickets - Fetching similar past tickets for issue: Network connectivity issue reported by user 2...
2026-07-13 19:20:54 - ai-support-hitl - INFO - utils.py:210 - connect_vector_db - Connecting to VectorDB collection: PreviousData
2026-07-13 19:20:54 - httpx - INFO - _client.py:1025 - _send_single_request - HTTP Request: POST https://openrouter.ai/api/v1/embeddings "HTTP/1.1 402 Payment Required"
2026-07-13 19:20:54 - ai-support-hitl - ERROR - utils.py:251 - fetch_similar_past_tickets - Error fetching similar past tickets: Error code: 402 - {'error': {'message': 'Insufficient credits. This account never purchased credits. Make sure your key is on the correct account or org, and if so, purchase more at https://openrouter.ai/settings/credits', 'code': 402}}
2026-07-13 19:20:54 - ai-support-hitl - ERROR - main.py:509 - main - Error fetching similar past tickets: Error code: 402 - {'error': {'message': 'Insufficient credits. This account never purchased credits. Make sure your key is on the correct account or org, and if so, purchase more at https://openrouter.ai/settings/credits', 'code': 402}}
2026-07-13 19:20:54 - ai-support-hitl - INFO - utils.py:269 - fetch_similar_policy - Fetching similar policy for issue: Network connectivity issue reported by user 2...
2026-07-13 19:20:54 - ai-support-hitl - INFO - utils.py:210 - connect_vector_db - Connecting to VectorDB collection: Policy
2026-07-13 19:20:54 - httpx - INFO - _client.py:1025 - _send_single_request - HTTP Request: POST https://openrouter.ai/api/v1/embeddings "HTTP/1.1 402 Payment Required"
2026-07-13 19:20:54 - ai-support-hitl - ERROR - utils.py:276 - fetch_similar_policy - Error fetching similar policy: Error code: 402 - {'error': {'message': 'Insufficient credits. This account never purchased credits. Make sure your key is on the correct account or org, and if so, purchase more at https://openrouter.ai/settings/credits', 'code': 402}}
2026-07-13 19:20:54 - ai-support-hitl - ERROR - main.py:526 - main - Error fetching similar policy: Error code: 402 - {'error': {'message': 'Insufficient credits. This account never purchased credits. Make sure your key is on the correct account or org, and if so, purchase more at https://openrouter.ai/settings/credits', 'code': 402}}
2026-07-13 19:20:58 - ai-support-hitl - INFO - streamlit_app.py:6 - <module> - Starting Streamlit Application...
2026-07-13 19:20:58 - ai-support-hitl - INFO - streamlit_app.py:17 - <module> - Sample data upload complete. Launching main application...
2026-07-13 19:20:58 - ai-support-hitl - INFO - main.py:31 - main - Loading Environmental Variables...
2026-07-13 19:20:58 - ai-support-hitl - INFO - main.py:37 - main - Connecting to MongoDB...
2026-07-13 19:20:58 - ai-support-hitl - INFO - utils.py:43 - connect_mongo_db - Connecting to MongoDB collection: escalated_tickets
2026-07-13 19:20:58 - ai-support-hitl - INFO - main.py:64 - main - Setting up Streamlit page configuration...
2026-07-13 19:20:58 - ai-support-hitl - INFO - main.py:202 - main - Setting up AI-Support Dashboard...
2026-07-13 19:20:59 - ai-support-hitl - INFO - main.py:208 - main - Sidebar view selected: Pending
2026-07-13 19:20:59 - ai-support-hitl - INFO - main.py:218 - main - Loading tickets based on selected view...
2026-07-13 19:20:59 - ai-support-hitl - INFO - main.py:81 - get_pending_tickets - Fetching pending tickets with limit: 20
2026-07-13 19:20:59 - ai-support-hitl - INFO - main.py:85 - get_pending_tickets - Fetched 10 pending tickets
2026-07-13 19:20:59 - ai-support-hitl - INFO - main.py:345 - main - Selected Pending Ticket: tst_1
2026-07-13 19:20:59 - ai-support-hitl - INFO - utils.py:244 - fetch_similar_past_tickets - Fetching similar past tickets for issue: tst_1 is testing , ...
2026-07-13 19:20:59 - ai-support-hitl - INFO - utils.py:210 - connect_vector_db - Connecting to VectorDB collection: PreviousData
2026-07-13 19:20:59 - httpx - INFO - _client.py:1025 - _send_single_request - HTTP Request: POST https://openrouter.ai/api/v1/embeddings "HTTP/1.1 402 Payment Required"
2026-07-13 19:20:59 - ai-support-hitl - ERROR - utils.py:251 - fetch_similar_past_tickets - Error fetching similar past tickets: Error code: 402 - {'error': {'message': 'Insufficient credits. This account never purchased credits. Make sure your key is on the correct account or org, and if so, purchase more at https://openrouter.ai/settings/credits', 'code': 402}}
2026-07-13 19:20:59 - ai-support-hitl - ERROR - main.py:509 - main - Error fetching similar past tickets: Error code: 402 - {'error': {'message': 'Insufficient credits. This account never purchased credits. Make sure your key is on the correct account or org, and if so, purchase more at https://openrouter.ai/settings/credits', 'code': 402}}
2026-07-13 19:20:59 - ai-support-hitl - INFO - utils.py:269 - fetch_similar_policy - Fetching similar policy for issue: tst_1 is testing , ...
2026-07-13 19:20:59 - ai-support-hitl - INFO - utils.py:210 - connect_vector_db - Connecting to VectorDB collection: Policy
2026-07-13 19:20:59 - httpx - INFO - _client.py:1025 - _send_single_request - HTTP Request: POST https://openrouter.ai/api/v1/embeddings "HTTP/1.1 402 Payment Required"
2026-07-13 19:20:59 - ai-support-hitl - ERROR - utils.py:276 - fetch_similar_policy - Error fetching similar policy: Error code: 402 - {'error': {'message': 'Insufficient credits. This account never purchased credits. Make sure your key is on the correct account or org, and if so, purchase more at https://openrouter.ai/settings/credits', 'code': 402}}
2026-07-13 19:20:59 - ai-support-hitl - ERROR - main.py:526 - main - Error fetching similar policy: Error code: 402 - {'error': {'message': 'Insufficient credits. This account never purchased credits. Make sure your key is on the correct account or org, and if so, purchase more at https://openrouter.ai/settings/credits', 'code': 402}}
2026-07-13 19:21:13 - ai-support-hitl - INFO - streamlit_app.py:6 - <module> - Starting Streamlit Application...
2026-07-13 19:21:13 - ai-support-hitl - INFO - streamlit_app.py:17 - <module> - Sample data upload complete. Launching main application...
2026-07-13 19:21:13 - ai-support-hitl - INFO - main.py:31 - main - Loading Environmental Variables...
2026-07-13 19:21:13 - ai-support-hitl - INFO - main.py:37 - main - Connecting to MongoDB...
2026-07-13 19:21:13 - ai-support-hitl - INFO - utils.py:43 - connect_mongo_db - Connecting to MongoDB collection: escalated_tickets
2026-07-13 19:21:13 - ai-support-hitl - INFO - main.py:64 - main - Setting up Streamlit page configuration...
2026-07-13 19:21:13 - ai-support-hitl - INFO - main.py:202 - main - Setting up AI-Support Dashboard...
2026-07-13 19:21:13 - ai-support-hitl - INFO - main.py:208 - main - Sidebar view selected: Pending
2026-07-13 19:21:13 - ai-support-hitl - INFO - main.py:218 - main - Loading tickets based on selected view...
2026-07-13 19:21:13 - ai-support-hitl - INFO - main.py:81 - get_pending_tickets - Fetching pending tickets with limit: 20
2026-07-13 19:21:13 - ai-support-hitl - INFO - main.py:85 - get_pending_tickets - Fetched 10 pending tickets
2026-07-13 19:21:13 - ai-support-hitl - INFO - main.py:345 - main - Selected Pending Ticket: tst_1
2026-07-13 19:21:13 - ai-support-hitl - INFO - utils.py:244 - fetch_similar_past_tickets - Fetching similar past tickets for issue: tst_1 is testing , ...
2026-07-13 19:21:13 - ai-support-hitl - INFO - utils.py:210 - connect_vector_db - Connecting to VectorDB collection: PreviousData
2026-07-13 19:21:13 - httpx - INFO - _client.py:1025 - _send_single_request - HTTP Request: POST https://openrouter.ai/api/v1/embeddings "HTTP/1.1 402 Payment Required"
2026-07-13 19:21:13 - ai-support-hitl - ERROR - utils.py:251 - fetch_similar_past_tickets - Error fetching similar past tickets: Error code: 402 - {'error': {'message': 'Insufficient credits. This account never purchased credits. Make sure your key is on the correct account or org, and if so, purchase more at https://openrouter.ai/settings/credits', 'code': 402}}
2026-07-13 19:21:13 - ai-support-hitl - ERROR - main.py:509 - main - Error fetching similar past tickets: Error code: 402 - {'error': {'message': 'Insufficient credits. This account never purchased credits. Make sure your key is on the correct account or org, and if so, purchase more at https://openrouter.ai/settings/credits', 'code': 402}}
2026-07-13 19:21:13 - ai-support-hitl - INFO - utils.py:269 - fetch_similar_policy - Fetching similar policy for issue: tst_1 is testing , ...
2026-07-13 19:21:13 - ai-support-hitl - INFO - utils.py:210 - connect_vector_db - Connecting to VectorDB collection: Policy
2026-07-13 19:21:14 - httpx - INFO - _client.py:1025 - _send_single_request - HTTP Request: POST https://openrouter.ai/api/v1/embeddings "HTTP/1.1 402 Payment Required"
2026-07-13 19:21:14 - ai-support-hitl - ERROR - utils.py:276 - fetch_similar_policy - Error fetching similar policy: Error code: 402 - {'error': {'message': 'Insufficient credits. This account never purchased credits. Make sure your key is on the correct account or org, and if so, purchase more at https://openrouter.ai/settings/credits', 'code': 402}}
2026-07-13 19:21:14 - ai-support-hitl - ERROR - main.py:526 - main - Error fetching similar policy: Error code: 402 - {'error': {'message': 'Insufficient credits. This account never purchased credits. Make sure your key is on the correct account or org, and if so, purchase more at https://openrouter.ai/settings/credits', 'code': 402}}
2026-07-13 19:21:17 - ai-support-hitl - INFO - main.py:388 - move_tickets_to_completed_tickets_in_db - Moving ticket tst_1 to completed (Purpose: pending)
2026-07-13 19:21:17 - ai-support-hitl - INFO - utils.py:415 - move_pending_ticket_to_completed_in_db - Moving pending ticket tst_1 to completed
2026-07-13 19:21:17 - ai-support-hitl - INFO - utils.py:43 - connect_mongo_db - Connecting to MongoDB collection: pending_tickets
2026-07-13 19:21:17 - ai-support-hitl - INFO - utils.py:43 - connect_mongo_db - Connecting to MongoDB collection: solved_tickets
2026-07-13 19:21:17 - ai-support-hitl - INFO - utils.py:338 - remove_drafted_ticket_from_db - Removing drafted ticket: tst_1
2026-07-13 19:21:17 - ai-support-hitl - INFO - utils.py:43 - connect_mongo_db - Connecting to MongoDB collection: ai_pending_drafted_tickets
2026-07-13 19:21:17 - ai-support-hitl - INFO - utils.py:342 - remove_drafted_ticket_from_db - Successfully removed drafted ticket: tst_1
2026-07-13 19:21:17 - ai-support-hitl - INFO - utils.py:454 - move_pending_ticket_to_completed_in_db - Successfully moved pending ticket tst_1 to completed
2026-07-13 19:21:17 - ai-support-hitl - INFO - main.py:400 - move_tickets_to_completed_tickets_in_db - Successfully moved ticket tst_1 to completed
2026-07-13 19:21:17 - ai-support-hitl - INFO - streamlit_app.py:6 - <module> - Starting Streamlit Application...
2026-07-13 19:21:17 - ai-support-hitl - INFO - streamlit_app.py:17 - <module> - Sample data upload complete. Launching main application...
2026-07-13 19:21:17 - ai-support-hitl - INFO - main.py:31 - main - Loading Environmental Variables...
2026-07-13 19:21:17 - ai-support-hitl - INFO - main.py:37 - main - Connecting to MongoDB...
2026-07-13 19:21:17 - ai-support-hitl - INFO - utils.py:43 - connect_mongo_db - Connecting to MongoDB collection: escalated_tickets
2026-07-13 19:21:17 - ai-support-hitl - INFO - main.py:64 - main - Setting up Streamlit page configuration...
2026-07-13 19:21:17 - ai-support-hitl - INFO - main.py:202 - main - Setting up AI-Support Dashboard...
2026-07-13 19:21:17 - ai-support-hitl - INFO - main.py:208 - main - Sidebar view selected: Pending
2026-07-13 19:21:17 - ai-support-hitl - INFO - main.py:218 - main - Loading tickets based on selected view...
2026-07-13 19:21:17 - ai-support-hitl - INFO - main.py:81 - get_pending_tickets - Fetching pending tickets with limit: 20
2026-07-13 19:21:17 - ai-support-hitl - INFO - main.py:85 - get_pending_tickets - Fetched 9 pending tickets
2026-07-13 19:21:17 - ai-support-hitl - INFO - main.py:345 - main - Selected Pending Ticket: TKT_0002
2026-07-13 19:21:17 - ai-support-hitl - INFO - utils.py:244 - fetch_similar_past_tickets - Fetching similar past tickets for issue: Network connectivity issue reported by user 2...
2026-07-13 19:21:17 - ai-support-hitl - INFO - utils.py:210 - connect_vector_db - Connecting to VectorDB collection: PreviousData
2026-07-13 19:21:17 - httpx - INFO - _client.py:1025 - _send_single_request - HTTP Request: POST https://openrouter.ai/api/v1/embeddings "HTTP/1.1 402 Payment Required"
2026-07-13 19:21:17 - ai-support-hitl - ERROR - utils.py:251 - fetch_similar_past_tickets - Error fetching similar past tickets: Error code: 402 - {'error': {'message': 'Insufficient credits. This account never purchased credits. Make sure your key is on the correct account or org, and if so, purchase more at https://openrouter.ai/settings/credits', 'code': 402}}
2026-07-13 19:21:17 - ai-support-hitl - ERROR - main.py:509 - main - Error fetching similar past tickets: Error code: 402 - {'error': {'message': 'Insufficient credits. This account never purchased credits. Make sure your key is on the correct account or org, and if so, purchase more at https://openrouter.ai/settings/credits', 'code': 402}}
2026-07-13 19:21:17 - ai-support-hitl - INFO - utils.py:269 - fetch_similar_policy - Fetching similar policy for issue: Network connectivity issue reported by user 2...
2026-07-13 19:21:17 - ai-support-hitl - INFO - utils.py:210 - connect_vector_db - Connecting to VectorDB collection: Policy
2026-07-13 19:21:17 - httpx - INFO - _client.py:1025 - _send_single_request - HTTP Request: POST https://openrouter.ai/api/v1/embeddings "HTTP/1.1 402 Payment Required"
2026-07-13 19:21:17 - ai-support-hitl - ERROR - utils.py:276 - fetch_similar_policy - Error fetching similar policy: Error code: 402 - {'error': {'message': 'Insufficient credits. This account never purchased credits. Make sure your key is on the correct account or org, and if so, purchase more at https://openrouter.ai/settings/credits', 'code': 402}}
2026-07-13 19:21:17 - ai-support-hitl - ERROR - main.py:526 - main - Error fetching similar policy: Error code: 402 - {'error': {'message': 'Insufficient credits. This account never purchased credits. Make sure your key is on the correct account or org, and if so, purchase more at https://openrouter.ai/settings/credits', 'code': 402}}
2026-07-13 19:21:20 - ai-support-hitl - INFO - main.py:105 - handle_rephase_using_ai_click - Rephasing text for pending ticket with temperature 0.5
2026-07-13 19:21:20 - ai-support-hitl - INFO - utils.py:528 - call_llm_to_rephase - Calling LLM to rephase text with temperature: 0.5
2026-07-13 19:21:20 - ai-support-hitl - INFO - utils.py:76 - get_llm_object - Creating LLM object with model: openai/gpt-4o-mini
2026-07-13 19:21:20 - httpx - INFO - _client.py:1025 - _send_single_request - HTTP Request: POST https://openrouter.ai/api/v1/chat/completions "HTTP/1.1 402 Payment Required"
2026-07-13 19:21:20 - ai-support-hitl - ERROR - main.py:117 - handle_rephase_using_ai_click - Error rephasing text: Error code: 402 - {'error': {'message': 'Insufficient credits. This account never purchased credits. Make sure your key is on the correct account or org, and if so, purchase more at https://openrouter.ai/settings/credits', 'code': 402}}
2026-07-13 19:21:20 - ai-support-hitl - INFO - streamlit_app.py:6 - <module> - Starting Streamlit Application...
2026-07-13 19:21:20 - ai-support-hitl - INFO - streamlit_app.py:17 - <module> - Sample data upload complete. Launching main application...
2026-07-13 19:21:20 - ai-support-hitl - INFO - main.py:31 - main - Loading Environmental Variables...
2026-07-13 19:21:20 - ai-support-hitl - INFO - main.py:37 - main - Connecting to MongoDB...
2026-07-13 19:21:20 - ai-support-hitl - INFO - utils.py:43 - connect_mongo_db - Connecting to MongoDB collection: escalated_tickets
2026-07-13 19:21:20 - ai-support-hitl - INFO - main.py:64 - main - Setting up Streamlit page configuration...
2026-07-13 19:21:20 - ai-support-hitl - INFO - main.py:202 - main - Setting up AI-Support Dashboard...
2026-07-13 19:21:20 - ai-support-hitl - INFO - main.py:208 - main - Sidebar view selected: Pending
2026-07-13 19:21:20 - ai-support-hitl - INFO - main.py:218 - main - Loading tickets based on selected view...
2026-07-13 19:21:20 - ai-support-hitl - INFO - main.py:81 - get_pending_tickets - Fetching pending tickets with limit: 20
2026-07-13 19:21:20 - ai-support-hitl - INFO - main.py:85 - get_pending_tickets - Fetched 9 pending tickets
2026-07-13 19:21:20 - ai-support-hitl - INFO - main.py:345 - main - Selected Pending Ticket: TKT_0002
2026-07-13 19:21:20 - ai-support-hitl - INFO - utils.py:244 - fetch_similar_past_tickets - Fetching similar past tickets for issue: Network connectivity issue reported by user 2...
2026-07-13 19:21:20 - ai-support-hitl - INFO - utils.py:210 - connect_vector_db - Connecting to VectorDB collection: PreviousData
2026-07-13 19:21:20 - httpx - INFO - _client.py:1025 - _send_single_request - HTTP Request: POST https://openrouter.ai/api/v1/embeddings "HTTP/1.1 402 Payment Required"
2026-07-13 19:21:20 - ai-support-hitl - ERROR - utils.py:251 - fetch_similar_past_tickets - Error fetching similar past tickets: Error code: 402 - {'error': {'message': 'Insufficient credits. This account never purchased credits. Make sure your key is on the correct account or org, and if so, purchase more at https://openrouter.ai/settings/credits', 'code': 402}}
2026-07-13 19:21:20 - ai-support-hitl - ERROR - main.py:509 - main - Error fetching similar past tickets: Error code: 402 - {'error': {'message': 'Insufficient credits. This account never purchased credits. Make sure your key is on the correct account or org, and if so, purchase more at https://openrouter.ai/settings/credits', 'code': 402}}
2026-07-13 19:21:20 - ai-support-hitl - INFO - utils.py:269 - fetch_similar_policy - Fetching similar policy for issue: Network connectivity issue reported by user 2...
2026-07-13 19:21:20 - ai-support-hitl - INFO - utils.py:210 - connect_vector_db - Connecting to VectorDB collection: Policy
2026-07-13 19:21:21 - httpx - INFO - _client.py:1025 - _send_single_request - HTTP Request: POST https://openrouter.ai/api/v1/embeddings "HTTP/1.1 402 Payment Required"
2026-07-13 19:21:21 - ai-support-hitl - ERROR - utils.py:276 - fetch_similar_policy - Error fetching similar policy: Error code: 402 - {'error': {'message': 'Insufficient credits. This account never purchased credits. Make sure your key is on the correct account or org, and if so, purchase more at https://openrouter.ai/settings/credits', 'code': 402}}
2026-07-13 19:21:21 - ai-support-hitl - ERROR - main.py:526 - main - Error fetching similar policy: Error code: 402 - {'error': {'message': 'Insufficient credits. This account never purchased credits. Make sure your key is on the correct account or org, and if so, purchase more at https://openrouter.ai/settings/credits', 'code': 402}}
2026-07-13 19:21:23 - ai-support-hitl - INFO - main.py:105 - handle_rephase_using_ai_click - Rephasing text for pending ticket with temperature 0.5
2026-07-13 19:21:23 - ai-support-hitl - INFO - utils.py:528 - call_llm_to_rephase - Calling LLM to rephase text with temperature: 0.5
2026-07-13 19:21:23 - ai-support-hitl - INFO - utils.py:76 - get_llm_object - Creating LLM object with model: openai/gpt-4o-mini
2026-07-13 19:21:23 - httpx - INFO - _client.py:1025 - _send_single_request - HTTP Request: POST https://openrouter.ai/api/v1/chat/completions "HTTP/1.1 402 Payment Required"
2026-07-13 19:21:23 - ai-support-hitl - ERROR - main.py:117 - handle_rephase_using_ai_click - Error rephasing text: Error code: 402 - {'error': {'message': 'Insufficient credits. This account never purchased credits. Make sure your key is on the correct account or org, and if so, purchase more at https://openrouter.ai/settings/credits', 'code': 402}}
2026-07-13 19:21:23 - ai-support-hitl - INFO - streamlit_app.py:6 - <module> - Starting Streamlit Application...
2026-07-13 19:21:23 - ai-support-hitl - INFO - streamlit_app.py:17 - <module> - Sample data upload complete. Launching main application...
2026-07-13 19:21:23 - ai-support-hitl - INFO - main.py:31 - main - Loading Environmental Variables...
2026-07-13 19:21:23 - ai-support-hitl - INFO - main.py:37 - main - Connecting to MongoDB...
2026-07-13 19:21:23 - ai-support-hitl - INFO - utils.py:43 - connect_mongo_db - Connecting to MongoDB collection: escalated_tickets
2026-07-13 19:21:23 - ai-support-hitl - INFO - main.py:64 - main - Setting up Streamlit page configuration...
2026-07-13 19:21:23 - ai-support-hitl - INFO - main.py:202 - main - Setting up AI-Support Dashboard...
2026-07-13 19:21:23 - ai-support-hitl - INFO - main.py:208 - main - Sidebar view selected: Pending
2026-07-13 19:21:23 - ai-support-hitl - INFO - main.py:218 - main - Loading tickets based on selected view...
2026-07-13 19:21:23 - ai-support-hitl - INFO - main.py:81 - get_pending_tickets - Fetching pending tickets with limit: 20
2026-07-13 19:21:23 - ai-support-hitl - INFO - main.py:85 - get_pending_tickets - Fetched 9 pending tickets
2026-07-13 19:21:23 - ai-support-hitl - INFO - main.py:345 - main - Selected Pending Ticket: TKT_0002
2026-07-13 19:21:23 - ai-support-hitl - INFO - utils.py:244 - fetch_similar_past_tickets - Fetching similar past tickets for issue: Network connectivity issue reported by user 2...
2026-07-13 19:21:23 - ai-support-hitl - INFO - utils.py:210 - connect_vector_db - Connecting to VectorDB collection: PreviousData
2026-07-13 19:21:23 - httpx - INFO - _client.py:1025 - _send_single_request - HTTP Request: POST https://openrouter.ai/api/v1/embeddings "HTTP/1.1 402 Payment Required"
2026-07-13 19:21:23 - ai-support-hitl - ERROR - utils.py:251 - fetch_similar_past_tickets - Error fetching similar past tickets: Error code: 402 - {'error': {'message': 'Insufficient credits. This account never purchased credits. Make sure your key is on the correct account or org, and if so, purchase more at https://openrouter.ai/settings/credits', 'code': 402}}
2026-07-13 19:21:23 - ai-support-hitl - ERROR - main.py:509 - main - Error fetching similar past tickets: Error code: 402 - {'error': {'message': 'Insufficient credits. This account never purchased credits. Make sure your key is on the correct account or org, and if so, purchase more at https://openrouter.ai/settings/credits', 'code': 402}}
2026-07-13 19:21:23 - ai-support-hitl - INFO - utils.py:269 - fetch_similar_policy - Fetching similar policy for issue: Network connectivity issue reported by user 2...
2026-07-13 19:21:23 - ai-support-hitl - INFO - utils.py:210 - connect_vector_db - Connecting to VectorDB collection: Policy
2026-07-13 19:21:23 - httpx - INFO - _client.py:1025 - _send_single_request - HTTP Request: POST https://openrouter.ai/api/v1/embeddings "HTTP/1.1 402 Payment Required"
2026-07-13 19:21:23 - ai-support-hitl - ERROR - utils.py:276 - fetch_similar_policy - Error fetching similar policy: Error code: 402 - {'error': {'message': 'Insufficient credits. This account never purchased credits. Make sure your key is on the correct account or org, and if so, purchase more at https://openrouter.ai/settings/credits', 'code': 402}}
2026-07-13 19:21:23 - ai-support-hitl - ERROR - main.py:526 - main - Error fetching similar policy: Error code: 402 - {'error': {'message': 'Insufficient credits. This account never purchased credits. Make sure your key is on the correct account or org, and if so, purchase more at https://openrouter.ai/settings/credits', 'code': 402}}
2026-07-13 19:21:28 - ai-support-hitl - INFO - main.py:105 - handle_rephase_using_ai_click - Rephasing text for pending ticket with temperature 0.5
2026-07-13 19:21:28 - ai-support-hitl - INFO - utils.py:528 - call_llm_to_rephase - Calling LLM to rephase text with temperature: 0.5
2026-07-13 19:21:28 - ai-support-hitl - INFO - utils.py:76 - get_llm_object - Creating LLM object with model: openai/gpt-4o-mini
2026-07-13 19:21:28 - httpx - INFO - _client.py:1025 - _send_single_request - HTTP Request: POST https://openrouter.ai/api/v1/chat/completions "HTTP/1.1 402 Payment Required"
2026-07-13 19:21:28 - ai-support-hitl - ERROR - main.py:117 - handle_rephase_using_ai_click - Error rephasing text: Error code: 402 - {'error': {'message': 'Insufficient credits. This account never purchased credits. Make sure your key is on the correct account or org, and if so, purchase more at https://openrouter.ai/settings/credits', 'code': 402}}
2026-07-13 19:21:28 - ai-support-hitl - INFO - streamlit_app.py:6 - <module> - Starting Streamlit Application...
2026-07-13 19:21:28 - ai-support-hitl - INFO - streamlit_app.py:17 - <module> - Sample data upload complete. Launching main application...
2026-07-13 19:21:28 - ai-support-hitl - INFO - main.py:31 - main - Loading Environmental Variables...
2026-07-13 19:21:28 - ai-support-hitl - INFO - main.py:37 - main - Connecting to MongoDB...
2026-07-13 19:21:28 - ai-support-hitl - INFO - utils.py:43 - connect_mongo_db - Connecting to MongoDB collection: escalated_tickets
2026-07-13 19:21:28 - ai-support-hitl - INFO - main.py:64 - main - Setting up Streamlit page configuration...
2026-07-13 19:21:28 - ai-support-hitl - INFO - main.py:202 - main - Setting up AI-Support Dashboard...
2026-07-13 19:21:28 - ai-support-hitl - INFO - main.py:208 - main - Sidebar view selected: Pending
2026-07-13 19:21:28 - ai-support-hitl - INFO - main.py:218 - main - Loading tickets based on selected view...
2026-07-13 19:21:28 - ai-support-hitl - INFO - main.py:81 - get_pending_tickets - Fetching pending tickets with limit: 20
2026-07-13 19:21:28 - ai-support-hitl - INFO - main.py:85 - get_pending_tickets - Fetched 9 pending tickets
2026-07-13 19:21:28 - ai-support-hitl - INFO - main.py:345 - main - Selected Pending Ticket: TKT_0002
2026-07-13 19:21:28 - ai-support-hitl - INFO - utils.py:244 - fetch_similar_past_tickets - Fetching similar past tickets for issue: Network connectivity issue reported by user 2...
2026-07-13 19:21:28 - ai-support-hitl - INFO - utils.py:210 - connect_vector_db - Connecting to VectorDB collection: PreviousData
2026-07-13 19:21:28 - httpx - INFO - _client.py:1025 - _send_single_request - HTTP Request: POST https://openrouter.ai/api/v1/embeddings "HTTP/1.1 402 Payment Required"
2026-07-13 19:21:28 - ai-support-hitl - ERROR - utils.py:251 - fetch_similar_past_tickets - Error fetching similar past tickets: Error code: 402 - {'error': {'message': 'Insufficient credits. This account never purchased credits. Make sure your key is on the correct account or org, and if so, purchase more at https://openrouter.ai/settings/credits', 'code': 402}}
2026-07-13 19:21:28 - ai-support-hitl - ERROR - main.py:509 - main - Error fetching similar past tickets: Error code: 402 - {'error': {'message': 'Insufficient credits. This account never purchased credits. Make sure your key is on the correct account or org, and if so, purchase more at https://openrouter.ai/settings/credits', 'code': 402}}
2026-07-13 19:21:28 - ai-support-hitl - INFO - utils.py:269 - fetch_similar_policy - Fetching similar policy for issue: Network connectivity issue reported by user 2...
2026-07-13 19:21:29 - ai-support-hitl - INFO - utils.py:210 - connect_vector_db - Connecting to VectorDB collection: Policy
2026-07-13 19:21:29 - httpx - INFO - _client.py:1025 - _send_single_request - HTTP Request: POST https://openrouter.ai/api/v1/embeddings "HTTP/1.1 402 Payment Required"
2026-07-13 19:21:29 - ai-support-hitl - ERROR - utils.py:276 - fetch_similar_policy - Error fetching similar policy: Error code: 402 - {'error': {'message': 'Insufficient credits. This account never purchased credits. Make sure your key is on the correct account or org, and if so, purchase more at https://openrouter.ai/settings/credits', 'code': 402}}
2026-07-13 19:21:29 - ai-support-hitl - ERROR - main.py:526 - main - Error fetching similar policy: Error code: 402 - {'error': {'message': 'Insufficient credits. This account never purchased credits. Make sure your key is on the correct account or org, and if so, purchase more at https://openrouter.ai/settings/credits', 'code': 402}}
2026-07-13 19:21:50 - ai-support-hitl - INFO - streamlit_app.py:6 - <module> - Starting Streamlit Application...
2026-07-13 19:21:50 - ai-support-hitl - INFO - streamlit_app.py:17 - <module> - Sample data upload complete. Launching main application...
2026-07-13 19:21:50 - ai-support-hitl - INFO - main.py:31 - main - Loading Environmental Variables...
2026-07-13 19:21:50 - ai-support-hitl - INFO - main.py:37 - main - Connecting to MongoDB...
2026-07-13 19:21:50 - ai-support-hitl - INFO - utils.py:43 - connect_mongo_db - Connecting to MongoDB collection: escalated_tickets
2026-07-13 19:21:50 - ai-support-hitl - INFO - main.py:64 - main - Setting up Streamlit page configuration...
2026-07-13 19:21:50 - ai-support-hitl - INFO - main.py:202 - main - Setting up AI-Support Dashboard...
2026-07-13 19:21:50 - ai-support-hitl - INFO - main.py:208 - main - Sidebar view selected: Pending
2026-07-13 19:21:50 - ai-support-hitl - INFO - main.py:218 - main - Loading tickets based on selected view...
2026-07-13 19:21:50 - ai-support-hitl - INFO - main.py:81 - get_pending_tickets - Fetching pending tickets with limit: 20
2026-07-13 19:21:50 - ai-support-hitl - INFO - main.py:85 - get_pending_tickets - Fetched 9 pending tickets
2026-07-13 19:21:50 - ai-support-hitl - INFO - main.py:345 - main - Selected Pending Ticket: TKT_0002
2026-07-13 19:21:50 - ai-support-hitl - INFO - utils.py:244 - fetch_similar_past_tickets - Fetching similar past tickets for issue: Network connectivity issue reported by user 2...
2026-07-13 19:21:50 - ai-support-hitl - INFO - utils.py:210 - connect_vector_db - Connecting to VectorDB collection: PreviousData
2026-07-13 19:21:50 - httpx - INFO - _client.py:1025 - _send_single_request - HTTP Request: POST https://openrouter.ai/api/v1/embeddings "HTTP/1.1 402 Payment Required"
2026-07-13 19:21:50 - ai-support-hitl - ERROR - utils.py:251 - fetch_similar_past_tickets - Error fetching similar past tickets: Error code: 402 - {'error': {'message': 'Insufficient credits. This account never purchased credits. Make sure your key is on the correct account or org, and if so, purchase more at https://openrouter.ai/settings/credits', 'code': 402}}
2026-07-13 19:21:50 - ai-support-hitl - ERROR - main.py:509 - main - Error fetching similar past tickets: Error code: 402 - {'error': {'message': 'Insufficient credits. This account never purchased credits. Make sure your key is on the correct account or org, and if so, purchase more at https://openrouter.ai/settings/credits', 'code': 402}}
2026-07-13 19:21:50 - ai-support-hitl - INFO - utils.py:269 - fetch_similar_policy - Fetching similar policy for issue: Network connectivity issue reported by user 2...
2026-07-13 19:21:50 - ai-support-hitl - INFO - utils.py:210 - connect_vector_db - Connecting to VectorDB collection: Policy
2026-07-13 19:21:50 - httpx - INFO - _client.py:1025 - _send_single_request - HTTP Request: POST https://openrouter.ai/api/v1/embeddings "HTTP/1.1 402 Payment Required"
2026-07-13 19:21:50 - ai-support-hitl - ERROR - utils.py:276 - fetch_similar_policy - Error fetching similar policy: Error code: 402 - {'error': {'message': 'Insufficient credits. This account never purchased credits. Make sure your key is on the correct account or org, and if so, purchase more at https://openrouter.ai/settings/credits', 'code': 402}}
2026-07-13 19:21:50 - ai-support-hitl - ERROR - main.py:526 - main - Error fetching similar policy: Error code: 402 - {'error': {'message': 'Insufficient credits. This account never purchased credits. Make sure your key is on the correct account or org, and if so, purchase more at https://openrouter.ai/settings/credits', 'code': 402}}
2026-07-13 19:21:51 - ai-support-hitl - INFO - main.py:105 - handle_rephase_using_ai_click - Rephasing text for pending ticket with temperature 0.23
2026-07-13 19:21:51 - ai-support-hitl - INFO - utils.py:528 - call_llm_to_rephase - Calling LLM to rephase text with temperature: 0.23
2026-07-13 19:21:51 - ai-support-hitl - INFO - utils.py:76 - get_llm_object - Creating LLM object with model: openai/gpt-4o-mini
2026-07-13 19:21:51 - httpx - INFO - _client.py:1025 - _send_single_request - HTTP Request: POST https://openrouter.ai/api/v1/chat/completions "HTTP/1.1 402 Payment Required"
2026-07-13 19:21:51 - ai-support-hitl - ERROR - main.py:117 - handle_rephase_using_ai_click - Error rephasing text: Error code: 402 - {'error': {'message': 'Insufficient credits. This account never purchased credits. Make sure your key is on the correct account or org, and if so, purchase more at https://openrouter.ai/settings/credits', 'code': 402}}
2026-07-13 19:21:51 - ai-support-hitl - INFO - streamlit_app.py:6 - <module> - Starting Streamlit Application...
2026-07-13 19:21:51 - ai-support-hitl - INFO - streamlit_app.py:17 - <module> - Sample data upload complete. Launching main application...
2026-07-13 19:21:51 - ai-support-hitl - INFO - main.py:31 - main - Loading Environmental Variables...
2026-07-13 19:21:51 - ai-support-hitl - INFO - main.py:37 - main - Connecting to MongoDB...
2026-07-13 19:21:51 - ai-support-hitl - INFO - utils.py:43 - connect_mongo_db - Connecting to MongoDB collection: escalated_tickets
2026-07-13 19:21:51 - ai-support-hitl - INFO - main.py:64 - main - Setting up Streamlit page configuration...
2026-07-13 19:21:51 - ai-support-hitl - INFO - main.py:202 - main - Setting up AI-Support Dashboard...
2026-07-13 19:21:51 - ai-support-hitl - INFO - main.py:208 - main - Sidebar view selected: Pending
2026-07-13 19:21:51 - ai-support-hitl - INFO - main.py:218 - main - Loading tickets based on selected view...
2026-07-13 19:21:51 - ai-support-hitl - INFO - main.py:81 - get_pending_tickets - Fetching pending tickets with limit: 20
2026-07-13 19:21:51 - ai-support-hitl - INFO - main.py:85 - get_pending_tickets - Fetched 9 pending tickets
2026-07-13 19:21:51 - ai-support-hitl - INFO - main.py:345 - main - Selected Pending Ticket: TKT_0002
2026-07-13 19:21:51 - ai-support-hitl - INFO - utils.py:244 - fetch_similar_past_tickets - Fetching similar past tickets for issue: Network connectivity issue reported by user 2...
2026-07-13 19:21:51 - ai-support-hitl - INFO - utils.py:210 - connect_vector_db - Connecting to VectorDB collection: PreviousData
2026-07-13 19:21:51 - httpx - INFO - _client.py:1025 - _send_single_request - HTTP Request: POST https://openrouter.ai/api/v1/embeddings "HTTP/1.1 402 Payment Required"
2026-07-13 19:21:51 - ai-support-hitl - ERROR - utils.py:251 - fetch_similar_past_tickets - Error fetching similar past tickets: Error code: 402 - {'error': {'message': 'Insufficient credits. This account never purchased credits. Make sure your key is on the correct account or org, and if so, purchase more at https://openrouter.ai/settings/credits', 'code': 402}}
2026-07-13 19:21:51 - ai-support-hitl - ERROR - main.py:509 - main - Error fetching similar past tickets: Error code: 402 - {'error': {'message': 'Insufficient credits. This account never purchased credits. Make sure your key is on the correct account or org, and if so, purchase more at https://openrouter.ai/settings/credits', 'code': 402}}
2026-07-13 19:21:51 - ai-support-hitl - INFO - utils.py:269 - fetch_similar_policy - Fetching similar policy for issue: Network connectivity issue reported by user 2...
2026-07-13 19:21:51 - ai-support-hitl - INFO - utils.py:210 - connect_vector_db - Connecting to VectorDB collection: Policy
2026-07-13 19:21:51 - httpx - INFO - _client.py:1025 - _send_single_request - HTTP Request: POST https://openrouter.ai/api/v1/embeddings "HTTP/1.1 402 Payment Required"
2026-07-13 19:21:51 - ai-support-hitl - ERROR - utils.py:276 - fetch_similar_policy - Error fetching similar policy: Error code: 402 - {'error': {'message': 'Insufficient credits. This account never purchased credits. Make sure your key is on the correct account or org, and if so, purchase more at https://openrouter.ai/settings/credits', 'code': 402}}
2026-07-13 19:21:51 - ai-support-hitl - ERROR - main.py:526 - main - Error fetching similar policy: Error code: 402 - {'error': {'message': 'Insufficient credits. This account never purchased credits. Make sure your key is on the correct account or org, and if so, purchase more at https://openrouter.ai/settings/credits', 'code': 402}}
2026-07-13 19:21:52 - ai-support-hitl - INFO - main.py:105 - handle_rephase_using_ai_click - Rephasing text for pending ticket with temperature 0.23
2026-07-13 19:21:52 - ai-support-hitl - INFO - utils.py:528 - call_llm_to_rephase - Calling LLM to rephase text with temperature: 0.23
2026-07-13 19:21:52 - ai-support-hitl - INFO - utils.py:76 - get_llm_object - Creating LLM object with model: openai/gpt-4o-mini
2026-07-13 19:21:52 - httpx - INFO - _client.py:1025 - _send_single_request - HTTP Request: POST https://openrouter.ai/api/v1/chat/completions "HTTP/1.1 402 Payment Required"
2026-07-13 19:21:52 - ai-support-hitl - ERROR - main.py:117 - handle_rephase_using_ai_click - Error rephasing text: Error code: 402 - {'error': {'message': 'Insufficient credits. This account never purchased credits. Make sure your key is on the correct account or org, and if so, purchase more at https://openrouter.ai/settings/credits', 'code': 402}}
2026-07-13 19:21:52 - ai-support-hitl - INFO - streamlit_app.py:6 - <module> - Starting Streamlit Application...
2026-07-13 19:21:52 - ai-support-hitl - INFO - streamlit_app.py:17 - <module> - Sample data upload complete. Launching main application...
2026-07-13 19:21:52 - ai-support-hitl - INFO - main.py:31 - main - Loading Environmental Variables...
2026-07-13 19:21:52 - ai-support-hitl - INFO - main.py:37 - main - Connecting to MongoDB...
2026-07-13 19:21:52 - ai-support-hitl - INFO - utils.py:43 - connect_mongo_db - Connecting to MongoDB collection: escalated_tickets
2026-07-13 19:21:52 - ai-support-hitl - INFO - main.py:64 - main - Setting up Streamlit page configuration...
2026-07-13 19:21:52 - ai-support-hitl - INFO - main.py:202 - main - Setting up AI-Support Dashboard...
2026-07-13 19:21:52 - ai-support-hitl - INFO - main.py:208 - main - Sidebar view selected: Pending
2026-07-13 19:21:52 - ai-support-hitl - INFO - main.py:218 - main - Loading tickets based on selected view...
2026-07-13 19:21:52 - ai-support-hitl - INFO - main.py:81 - get_pending_tickets - Fetching pending tickets with limit: 20
2026-07-13 19:21:52 - ai-support-hitl - INFO - main.py:85 - get_pending_tickets - Fetched 9 pending tickets
2026-07-13 19:21:52 - ai-support-hitl - INFO - main.py:345 - main - Selected Pending Ticket: TKT_0002
2026-07-13 19:21:52 - ai-support-hitl - INFO - utils.py:244 - fetch_similar_past_tickets - Fetching similar past tickets for issue: Network connectivity issue reported by user 2...
2026-07-13 19:21:52 - ai-support-hitl - INFO - utils.py:210 - connect_vector_db - Connecting to VectorDB collection: PreviousData
2026-07-13 19:21:53 - httpx - INFO - _client.py:1025 - _send_single_request - HTTP Request: POST https://openrouter.ai/api/v1/embeddings "HTTP/1.1 402 Payment Required"
2026-07-13 19:21:53 - ai-support-hitl - ERROR - utils.py:251 - fetch_similar_past_tickets - Error fetching similar past tickets: Error code: 402 - {'error': {'message': 'Insufficient credits. This account never purchased credits. Make sure your key is on the correct account or org, and if so, purchase more at https://openrouter.ai/settings/credits', 'code': 402}}
2026-07-13 19:21:53 - ai-support-hitl - ERROR - main.py:509 - main - Error fetching similar past tickets: Error code: 402 - {'error': {'message': 'Insufficient credits. This account never purchased credits. Make sure your key is on the correct account or org, and if so, purchase more at https://openrouter.ai/settings/credits', 'code': 402}}
2026-07-13 19:21:53 - ai-support-hitl - INFO - utils.py:269 - fetch_similar_policy - Fetching similar policy for issue: Network connectivity issue reported by user 2...
2026-07-13 19:21:53 - ai-support-hitl - INFO - utils.py:210 - connect_vector_db - Connecting to VectorDB collection: Policy
2026-07-13 19:21:53 - httpx - INFO - _client.py:1025 - _send_single_request - HTTP Request: POST https://openrouter.ai/api/v1/embeddings "HTTP/1.1 402 Payment Required"
2026-07-13 19:21:53 - ai-support-hitl - ERROR - utils.py:276 - fetch_similar_policy - Error fetching similar policy: Error code: 402 - {'error': {'message': 'Insufficient credits. This account never purchased credits. Make sure your key is on the correct account or org, and if so, purchase more at https://openrouter.ai/settings/credits', 'code': 402}}
2026-07-13 19:21:53 - ai-support-hitl - ERROR - main.py:526 - main - Error fetching similar policy: Error code: 402 - {'error': {'message': 'Insufficient credits. This account never purchased credits. Make sure your key is on the correct account or org, and if so, purchase more at https://openrouter.ai/settings/credits', 'code': 402}}
2026-07-13 19:22:38 - ai-support-hitl - INFO - main.py:105 - handle_rephase_using_ai_click - Rephasing text for pending ticket with temperature 0.23
2026-07-13 19:22:38 - ai-support-hitl - INFO - utils.py:528 - call_llm_to_rephase - Calling LLM to rephase text with temperature: 0.23
2026-07-13 19:22:38 - ai-support-hitl - INFO - utils.py:76 - get_llm_object - Creating LLM object with model: openai/gpt-4o-mini
2026-07-13 19:22:39 - httpx - INFO - _client.py:1025 - _send_single_request - HTTP Request: POST https://openrouter.ai/api/v1/chat/completions "HTTP/1.1 402 Payment Required"
2026-07-13 19:22:39 - ai-support-hitl - ERROR - main.py:117 - handle_rephase_using_ai_click - Error rephasing text: Error code: 402 - {'error': {'message': 'Insufficient credits. This account never purchased credits. Make sure your key is on the correct account or org, and if so, purchase more at https://openrouter.ai/settings/credits', 'code': 402}}
2026-07-13 19:22:39 - ai-support-hitl - INFO - streamlit_app.py:6 - <module> - Starting Streamlit Application...
2026-07-13 19:22:39 - ai-support-hitl - INFO - streamlit_app.py:17 - <module> - Sample data upload complete. Launching main application...
2026-07-13 19:22:39 - ai-support-hitl - INFO - main.py:31 - main - Loading Environmental Variables...
2026-07-13 19:22:39 - ai-support-hitl - INFO - main.py:37 - main - Connecting to MongoDB...
2026-07-13 19:22:39 - ai-support-hitl - INFO - utils.py:43 - connect_mongo_db - Connecting to MongoDB collection: escalated_tickets
2026-07-13 19:22:39 - ai-support-hitl - INFO - main.py:64 - main - Setting up Streamlit page configuration...
2026-07-13 19:22:39 - ai-support-hitl - INFO - main.py:202 - main - Setting up AI-Support Dashboard...
2026-07-13 19:22:39 - ai-support-hitl - INFO - main.py:208 - main - Sidebar view selected: Pending
2026-07-13 19:22:39 - ai-support-hitl - INFO - main.py:218 - main - Loading tickets based on selected view...
2026-07-13 19:22:39 - ai-support-hitl - INFO - main.py:81 - get_pending_tickets - Fetching pending tickets with limit: 20
2026-07-13 19:22:39 - ai-support-hitl - INFO - main.py:85 - get_pending_tickets - Fetched 9 pending tickets
2026-07-13 19:22:39 - ai-support-hitl - INFO - main.py:345 - main - Selected Pending Ticket: TKT_0002
2026-07-13 19:22:39 - ai-support-hitl - INFO - utils.py:244 - fetch_similar_past_tickets - Fetching similar past tickets for issue: Network connectivity issue reported by user 2...
2026-07-13 19:22:39 - ai-support-hitl - INFO - utils.py:210 - connect_vector_db - Connecting to VectorDB collection: PreviousData
2026-07-13 19:22:39 - httpx - INFO - _client.py:1025 - _send_single_request - HTTP Request: POST https://openrouter.ai/api/v1/embeddings "HTTP/1.1 402 Payment Required"
2026-07-13 19:22:39 - ai-support-hitl - ERROR - utils.py:251 - fetch_similar_past_tickets - Error fetching similar past tickets: Error code: 402 - {'error': {'message': 'Insufficient credits. This account never purchased credits. Make sure your key is on the correct account or org, and if so, purchase more at https://openrouter.ai/settings/credits', 'code': 402}}
2026-07-13 19:22:39 - ai-support-hitl - ERROR - main.py:509 - main - Error fetching similar past tickets: Error code: 402 - {'error': {'message': 'Insufficient credits. This account never purchased credits. Make sure your key is on the correct account or org, and if so, purchase more at https://openrouter.ai/settings/credits', 'code': 402}}
2026-07-13 19:22:39 - ai-support-hitl - INFO - utils.py:269 - fetch_similar_policy - Fetching similar policy for issue: Network connectivity issue reported by user 2...
2026-07-13 19:22:39 - ai-support-hitl - INFO - utils.py:210 - connect_vector_db - Connecting to VectorDB collection: Policy
2026-07-13 19:22:39 - httpx - INFO - _client.py:1025 - _send_single_request - HTTP Request: POST https://openrouter.ai/api/v1/embeddings "HTTP/1.1 402 Payment Required"
2026-07-13 19:22:39 - ai-support-hitl - ERROR - utils.py:276 - fetch_similar_policy - Error fetching similar policy: Error code: 402 - {'error': {'message': 'Insufficient credits. This account never purchased credits. Make sure your key is on the correct account or org, and if so, purchase more at https://openrouter.ai/settings/credits', 'code': 402}}
2026-07-13 19:22:39 - ai-support-hitl - ERROR - main.py:526 - main - Error fetching similar policy: Error code: 402 - {'error': {'message': 'Insufficient credits. This account never purchased credits. Make sure your key is on the correct account or org, and if so, purchase more at https://openrouter.ai/settings/credits', 'code': 402}}
2026-07-13 19:24:22 - ai-support-hitl - INFO - main.py:105 - handle_rephase_using_ai_click - Rephasing text for pending ticket with temperature 0.23
2026-07-13 19:24:22 - ai-support-hitl - INFO - utils.py:528 - call_llm_to_rephase - Calling LLM to rephase text with temperature: 0.23
2026-07-13 19:24:22 - ai-support-hitl - INFO - utils.py:76 - get_llm_object - Creating LLM object with model: openai/gpt-4o-mini
2026-07-13 19:24:23 - httpx - INFO - _client.py:1025 - _send_single_request - HTTP Request: POST https://openrouter.ai/api/v1/chat/completions "HTTP/1.1 402 Payment Required"
2026-07-13 19:24:23 - ai-support-hitl - ERROR - main.py:117 - handle_rephase_using_ai_click - Error rephasing text: Error code: 402 - {'error': {'message': 'Insufficient credits. This account never purchased credits. Make sure your key is on the correct account or org, and if so, purchase more at https://openrouter.ai/settings/credits', 'code': 402}}
2026-07-13 19:24:23 - ai-support-hitl - INFO - streamlit_app.py:6 - <module> - Starting Streamlit Application...
2026-07-13 19:24:23 - ai-support-hitl - INFO - streamlit_app.py:17 - <module> - Sample data upload complete. Launching main application...
2026-07-13 19:24:23 - ai-support-hitl - INFO - main.py:31 - main - Loading Environmental Variables...
2026-07-13 19:24:23 - ai-support-hitl - INFO - main.py:37 - main - Connecting to MongoDB...
2026-07-13 19:24:23 - ai-support-hitl - INFO - utils.py:43 - connect_mongo_db - Connecting to MongoDB collection: escalated_tickets
2026-07-13 19:24:23 - ai-support-hitl - INFO - main.py:64 - main - Setting up Streamlit page configuration...
2026-07-13 19:24:23 - ai-support-hitl - INFO - main.py:202 - main - Setting up AI-Support Dashboard...
2026-07-13 19:24:23 - ai-support-hitl - INFO - main.py:208 - main - Sidebar view selected: Pending
2026-07-13 19:24:23 - ai-support-hitl - INFO - main.py:218 - main - Loading tickets based on selected view...
2026-07-13 19:24:23 - ai-support-hitl - INFO - main.py:81 - get_pending_tickets - Fetching pending tickets with limit: 20
2026-07-13 19:24:23 - ai-support-hitl - INFO - main.py:85 - get_pending_tickets - Fetched 9 pending tickets
2026-07-13 19:24:23 - ai-support-hitl - INFO - main.py:345 - main - Selected Pending Ticket: TKT_0002
2026-07-13 19:24:23 - ai-support-hitl - INFO - utils.py:244 - fetch_similar_past_tickets - Fetching similar past tickets for issue: Network connectivity issue reported by user 2...
2026-07-13 19:24:23 - ai-support-hitl - INFO - utils.py:210 - connect_vector_db - Connecting to VectorDB collection: PreviousData
2026-07-13 19:24:23 - httpx - INFO - _client.py:1025 - _send_single_request - HTTP Request: POST https://openrouter.ai/api/v1/embeddings "HTTP/1.1 402 Payment Required"
2026-07-13 19:24:23 - ai-support-hitl - ERROR - utils.py:251 - fetch_similar_past_tickets - Error fetching similar past tickets: Error code: 402 - {'error': {'message': 'Insufficient credits. This account never purchased credits. Make sure your key is on the correct account or org, and if so, purchase more at https://openrouter.ai/settings/credits', 'code': 402}}
2026-07-13 19:24:23 - ai-support-hitl - ERROR - main.py:509 - main - Error fetching similar past tickets: Error code: 402 - {'error': {'message': 'Insufficient credits. This account never purchased credits. Make sure your key is on the correct account or org, and if so, purchase more at https://openrouter.ai/settings/credits', 'code': 402}}
2026-07-13 19:24:23 - ai-support-hitl - INFO - utils.py:269 - fetch_similar_policy - Fetching similar policy for issue: Network connectivity issue reported by user 2...
2026-07-13 19:24:23 - ai-support-hitl - INFO - utils.py:210 - connect_vector_db - Connecting to VectorDB collection: Policy
2026-07-13 19:24:23 - httpx - INFO - _client.py:1025 - _send_single_request - HTTP Request: POST https://openrouter.ai/api/v1/embeddings "HTTP/1.1 402 Payment Required"
2026-07-13 19:24:23 - ai-support-hitl - ERROR - utils.py:276 - fetch_similar_policy - Error fetching similar policy: Error code: 402 - {'error': {'message': 'Insufficient credits. This account never purchased credits. Make sure your key is on the correct account or org, and if so, purchase more at https://openrouter.ai/settings/credits', 'code': 402}}
2026-07-13 19:24:23 - ai-support-hitl - ERROR - main.py:526 - main - Error fetching similar policy: Error code: 402 - {'error': {'message': 'Insufficient credits. This account never purchased credits. Make sure your key is on the correct account or org, and if so, purchase more at https://openrouter.ai/settings/credits', 'code': 402}}
2026-07-13 19:29:29 - ai-support-hitl - INFO - streamlit_app.py:6 - <module> - Starting Streamlit Application...
2026-07-13 19:29:29 - ai-support-hitl - INFO - streamlit_app.py:17 - <module> - Sample data upload complete. Launching main application...
2026-07-13 19:29:29 - ai-support-hitl - INFO - main.py:31 - main - Loading Environmental Variables...
2026-07-13 19:29:29 - ai-support-hitl - INFO - main.py:37 - main - Connecting to MongoDB...
2026-07-13 19:29:29 - ai-support-hitl - INFO - utils.py:43 - connect_mongo_db - Connecting to MongoDB collection: escalated_tickets
2026-07-13 19:29:29 - ai-support-hitl - INFO - main.py:64 - main - Setting up Streamlit page configuration...
2026-07-13 19:29:29 - ai-support-hitl - INFO - main.py:202 - main - Setting up AI-Support Dashboard...
2026-07-13 19:29:29 - ai-support-hitl - INFO - main.py:208 - main - Sidebar view selected: Escalated
2026-07-13 19:29:29 - ai-support-hitl - INFO - main.py:218 - main - Loading tickets based on selected view...
2026-07-13 19:29:29 - ai-support-hitl - INFO - main.py:156 - get_escalated_tickets - Fetching escalated tickets with limit: 10
2026-07-13 19:29:29 - ai-support-hitl - INFO - main.py:160 - get_escalated_tickets - Fetched 9 escalated tickets
2026-07-13 19:29:29 - ai-support-hitl - INFO - main.py:355 - main - Selected Escalated Ticket: TKT_0031
2026-07-13 19:29:29 - ai-support-hitl - INFO - utils.py:244 - fetch_similar_past_tickets - Fetching similar past tickets for issue: Urgent security breach or payment failure reported...
2026-07-13 19:29:29 - ai-support-hitl - INFO - utils.py:210 - connect_vector_db - Connecting to VectorDB collection: PreviousData
2026-07-13 19:29:30 - httpx - INFO - _client.py:1025 - _send_single_request - HTTP Request: POST https://openrouter.ai/api/v1/embeddings "HTTP/1.1 402 Payment Required"
2026-07-13 19:29:30 - ai-support-hitl - ERROR - utils.py:251 - fetch_similar_past_tickets - Error fetching similar past tickets: Error code: 402 - {'error': {'message': 'Insufficient credits. This account never purchased credits. Make sure your key is on the correct account or org, and if so, purchase more at https://openrouter.ai/settings/credits', 'code': 402}}
2026-07-13 19:29:30 - ai-support-hitl - ERROR - main.py:728 - main - Error fetching similar past tickets: Error code: 402 - {'error': {'message': 'Insufficient credits. This account never purchased credits. Make sure your key is on the correct account or org, and if so, purchase more at https://openrouter.ai/settings/credits', 'code': 402}}
2026-07-13 19:29:30 - ai-support-hitl - INFO - utils.py:269 - fetch_similar_policy - Fetching similar policy for issue: Urgent security breach or payment failure reported...
2026-07-13 19:29:30 - ai-support-hitl - INFO - utils.py:210 - connect_vector_db - Connecting to VectorDB collection: Policy
2026-07-13 19:29:30 - httpx - INFO - _client.py:1025 - _send_single_request - HTTP Request: POST https://openrouter.ai/api/v1/embeddings "HTTP/1.1 402 Payment Required"
2026-07-13 19:29:30 - ai-support-hitl - ERROR - utils.py:276 - fetch_similar_policy - Error fetching similar policy: Error code: 402 - {'error': {'message': 'Insufficient credits. This account never purchased credits. Make sure your key is on the correct account or org, and if so, purchase more at https://openrouter.ai/settings/credits', 'code': 402}}
2026-07-13 19:29:30 - ai-support-hitl - ERROR - main.py:745 - main - Error fetching similar policy: Error code: 402 - {'error': {'message': 'Insufficient credits. This account never purchased credits. Make sure your key is on the correct account or org, and if so, purchase more at https://openrouter.ai/settings/credits', 'code': 402}}
2026-07-13 19:29:36 - ai-support-hitl - INFO - main.py:105 - handle_rephase_using_ai_click - Rephasing text for escalated ticket with temperature 0.5
2026-07-13 19:29:36 - ai-support-hitl - INFO - utils.py:528 - call_llm_to_rephase - Calling LLM to rephase text with temperature: 0.5
2026-07-13 19:29:36 - ai-support-hitl - INFO - utils.py:76 - get_llm_object - Creating LLM object with model: openai/gpt-4o-mini
2026-07-13 19:29:36 - httpx - INFO - _client.py:1025 - _send_single_request - HTTP Request: POST https://openrouter.ai/api/v1/chat/completions "HTTP/1.1 402 Payment Required"
2026-07-13 19:29:36 - ai-support-hitl - ERROR - main.py:117 - handle_rephase_using_ai_click - Error rephasing text: Error code: 402 - {'error': {'message': 'Insufficient credits. This account never purchased credits. Make sure your key is on the correct account or org, and if so, purchase more at https://openrouter.ai/settings/credits', 'code': 402}}
2026-07-13 19:29:36 - ai-support-hitl - INFO - streamlit_app.py:6 - <module> - Starting Streamlit Application...
2026-07-13 19:29:36 - ai-support-hitl - INFO - streamlit_app.py:17 - <module> - Sample data upload complete. Launching main application...
2026-07-13 19:29:36 - ai-support-hitl - INFO - main.py:31 - main - Loading Environmental Variables...
2026-07-13 19:29:36 - ai-support-hitl - INFO - main.py:37 - main - Connecting to MongoDB...
2026-07-13 19:29:36 - ai-support-hitl - INFO - utils.py:43 - connect_mongo_db - Connecting to MongoDB collection: escalated_tickets
2026-07-13 19:29:36 - ai-support-hitl - INFO - main.py:64 - main - Setting up Streamlit page configuration...
2026-07-13 19:29:36 - ai-support-hitl - INFO - main.py:202 - main - Setting up AI-Support Dashboard...
2026-07-13 19:29:36 - ai-support-hitl - INFO - main.py:208 - main - Sidebar view selected: Escalated
2026-07-13 19:29:36 - ai-support-hitl - INFO - main.py:218 - main - Loading tickets based on selected view...
2026-07-13 19:29:36 - ai-support-hitl - INFO - main.py:156 - get_escalated_tickets - Fetching escalated tickets with limit: 10
2026-07-13 19:29:36 - ai-support-hitl - INFO - main.py:160 - get_escalated_tickets - Fetched 9 escalated tickets
2026-07-13 19:29:36 - ai-support-hitl - INFO - main.py:355 - main - Selected Escalated Ticket: TKT_0031
2026-07-13 19:29:36 - ai-support-hitl - INFO - utils.py:244 - fetch_similar_past_tickets - Fetching similar past tickets for issue: Urgent security breach or payment failure reported...
2026-07-13 19:29:36 - ai-support-hitl - INFO - utils.py:210 - connect_vector_db - Connecting to VectorDB collection: PreviousData
2026-07-13 19:29:36 - httpx - INFO - _client.py:1025 - _send_single_request - HTTP Request: POST https://openrouter.ai/api/v1/embeddings "HTTP/1.1 402 Payment Required"
2026-07-13 19:29:36 - ai-support-hitl - ERROR - utils.py:251 - fetch_similar_past_tickets - Error fetching similar past tickets: Error code: 402 - {'error': {'message': 'Insufficient credits. This account never purchased credits. Make sure your key is on the correct account or org, and if so, purchase more at https://openrouter.ai/settings/credits', 'code': 402}}
2026-07-13 19:29:36 - ai-support-hitl - ERROR - main.py:728 - main - Error fetching similar past tickets: Error code: 402 - {'error': {'message': 'Insufficient credits. This account never purchased credits. Make sure your key is on the correct account or org, and if so, purchase more at https://openrouter.ai/settings/credits', 'code': 402}}
2026-07-13 19:29:36 - ai-support-hitl - INFO - utils.py:269 - fetch_similar_policy - Fetching similar policy for issue: Urgent security breach or payment failure reported...
2026-07-13 19:29:36 - ai-support-hitl - INFO - utils.py:210 - connect_vector_db - Connecting to VectorDB collection: Policy
2026-07-13 19:29:36 - httpx - INFO - _client.py:1025 - _send_single_request - HTTP Request: POST https://openrouter.ai/api/v1/embeddings "HTTP/1.1 402 Payment Required"
2026-07-13 19:29:36 - ai-support-hitl - ERROR - utils.py:276 - fetch_similar_policy - Error fetching similar policy: Error code: 402 - {'error': {'message': 'Insufficient credits. This account never purchased credits. Make sure your key is on the correct account or org, and if so, purchase more at https://openrouter.ai/settings/credits', 'code': 402}}
2026-07-13 19:29:36 - ai-support-hitl - ERROR - main.py:745 - main - Error fetching similar policy: Error code: 402 - {'error': {'message': 'Insufficient credits. This account never purchased credits. Make sure your key is on the correct account or org, and if so, purchase more at https://openrouter.ai/settings/credits', 'code': 402}}
2026-07-13 19:29:40 - ai-support-hitl - INFO - main.py:105 - handle_rephase_using_ai_click - Rephasing text for escalated ticket with temperature 0.5
2026-07-13 19:29:40 - ai-support-hitl - INFO - utils.py:528 - call_llm_to_rephase - Calling LLM to rephase text with temperature: 0.5
2026-07-13 19:29:40 - ai-support-hitl - INFO - utils.py:76 - get_llm_object - Creating LLM object with model: openai/gpt-4o-mini
2026-07-13 19:29:40 - httpx - INFO - _client.py:1025 - _send_single_request - HTTP Request: POST https://openrouter.ai/api/v1/chat/completions "HTTP/1.1 402 Payment Required"
2026-07-13 19:29:40 - ai-support-hitl - ERROR - main.py:117 - handle_rephase_using_ai_click - Error rephasing text: Error code: 402 - {'error': {'message': 'Insufficient credits. This account never purchased credits. Make sure your key is on the correct account or org, and if so, purchase more at https://openrouter.ai/settings/credits', 'code': 402}}
2026-07-13 19:29:40 - ai-support-hitl - INFO - streamlit_app.py:6 - <module> - Starting Streamlit Application...
2026-07-13 19:29:40 - ai-support-hitl - INFO - streamlit_app.py:17 - <module> - Sample data upload complete. Launching main application...
2026-07-13 19:29:40 - ai-support-hitl - INFO - main.py:31 - main - Loading Environmental Variables...
2026-07-13 19:29:40 - ai-support-hitl - INFO - main.py:37 - main - Connecting to MongoDB...
2026-07-13 19:29:40 - ai-support-hitl - INFO - utils.py:43 - connect_mongo_db - Connecting to MongoDB collection: escalated_tickets
2026-07-13 19:29:40 - ai-support-hitl - INFO - main.py:64 - main - Setting up Streamlit page configuration...
2026-07-13 19:29:40 - ai-support-hitl - INFO - main.py:202 - main - Setting up AI-Support Dashboard...
2026-07-13 19:29:40 - ai-support-hitl - INFO - main.py:208 - main - Sidebar view selected: Escalated
2026-07-13 19:29:40 - ai-support-hitl - INFO - main.py:218 - main - Loading tickets based on selected view...
2026-07-13 19:29:40 - ai-support-hitl - INFO - main.py:156 - get_escalated_tickets - Fetching escalated tickets with limit: 10
2026-07-13 19:29:40 - ai-support-hitl - INFO - main.py:160 - get_escalated_tickets - Fetched 9 escalated tickets
2026-07-13 19:29:40 - ai-support-hitl - INFO - main.py:355 - main - Selected Escalated Ticket: TKT_0031
2026-07-13 19:29:40 - ai-support-hitl - INFO - utils.py:244 - fetch_similar_past_tickets - Fetching similar past tickets for issue: Urgent security breach or payment failure reported...
2026-07-13 19:29:40 - ai-support-hitl - INFO - utils.py:210 - connect_vector_db - Connecting to VectorDB collection: PreviousData
2026-07-13 19:29:40 - httpx - INFO - _client.py:1025 - _send_single_request - HTTP Request: POST https://openrouter.ai/api/v1/embeddings "HTTP/1.1 402 Payment Required"
2026-07-13 19:29:40 - ai-support-hitl - ERROR - utils.py:251 - fetch_similar_past_tickets - Error fetching similar past tickets: Error code: 402 - {'error': {'message': 'Insufficient credits. This account never purchased credits. Make sure your key is on the correct account or org, and if so, purchase more at https://openrouter.ai/settings/credits', 'code': 402}}
2026-07-13 19:29:40 - ai-support-hitl - ERROR - main.py:728 - main - Error fetching similar past tickets: Error code: 402 - {'error': {'message': 'Insufficient credits. This account never purchased credits. Make sure your key is on the correct account or org, and if so, purchase more at https://openrouter.ai/settings/credits', 'code': 402}}
2026-07-13 19:29:40 - ai-support-hitl - INFO - utils.py:269 - fetch_similar_policy - Fetching similar policy for issue: Urgent security breach or payment failure reported...
2026-07-13 19:29:40 - ai-support-hitl - INFO - utils.py:210 - connect_vector_db - Connecting to VectorDB collection: Policy
2026-07-13 19:29:40 - httpx - INFO - _client.py:1025 - _send_single_request - HTTP Request: POST https://openrouter.ai/api/v1/embeddings "HTTP/1.1 402 Payment Required"
2026-07-13 19:29:40 - ai-support-hitl - ERROR - utils.py:276 - fetch_similar_policy - Error fetching similar policy: Error code: 402 - {'error': {'message': 'Insufficient credits. This account never purchased credits. Make sure your key is on the correct account or org, and if so, purchase more at https://openrouter.ai/settings/credits', 'code': 402}}
2026-07-13 19:29:40 - ai-support-hitl - ERROR - main.py:745 - main - Error fetching similar policy: Error code: 402 - {'error': {'message': 'Insufficient credits. This account never purchased credits. Make sure your key is on the correct account or org, and if so, purchase more at https://openrouter.ai/settings/credits', 'code': 402}}
2026-07-13 19:46:57 - ai-support-hitl - INFO - sample_data_generation.py:15 - <module> - Connecting to MongoDB at localhost:27017 for sample data generation...
2026-07-13 19:46:57 - ai-support-hitl - INFO - sample_data_generation.py:23 - <module> - Defining collections for sample data generation...
2026-07-13 19:46:57 - ai-support-hitl - INFO - sample_data_generation.py:34 - <module> - Generating sample data...
2026-07-13 19:46:57 - ai-support-hitl - INFO - sample_data_generation.py:56 - <module> - Generating drafted sample data...
2026-07-13 19:46:57 - ai-support-hitl - INFO - sample_data_generation.py:81 - <module> - Generating solved sample data...
2026-07-13 19:46:57 - ai-support-hitl - INFO - sample_data_generation.py:109 - <module> - Generating escalated sample data...
2026-07-13 19:46:57 - ai-support-hitl - INFO - streamlit_app.py:6 - <module> - Starting Streamlit Application...
2026-07-13 19:46:57 - ai-support-hitl - INFO - streamlit_app.py:11 - init_data - Uploading sample data to the database...
2026-07-13 19:46:57 - ai-support-hitl - INFO - sample_data_generation.py:146 - upload_data - Uploading sample data to MongoDB...
2026-07-13 19:46:57 - ai-support-hitl - INFO - sample_data_generation.py:164 - upload_data - 40 documents successfully uploaded.
2026-07-13 19:46:57 - ai-support-hitl - INFO - streamlit_app.py:17 - <module> - Sample data upload complete. Launching main application...
2026-07-13 19:46:57 - ai-support-hitl - INFO - main.py:31 - main - Loading Environmental Variables...
2026-07-13 19:46:57 - ai-support-hitl - INFO - main.py:37 - main - Connecting to MongoDB...
2026-07-13 19:46:57 - ai-support-hitl - INFO - utils.py:43 - connect_mongo_db - Connecting to MongoDB collection: escalated_tickets
2026-07-13 19:46:57 - ai-support-hitl - INFO - main.py:64 - main - Setting up Streamlit page configuration...
2026-07-13 19:46:57 - ai-support-hitl - INFO - main.py:202 - main - Setting up AI-Support Dashboard...
2026-07-13 19:46:57 - ai-support-hitl - INFO - main.py:208 - main - Sidebar view selected: Escalated
2026-07-13 19:46:57 - ai-support-hitl - INFO - main.py:218 - main - Loading tickets based on selected view...
2026-07-13 19:46:57 - ai-support-hitl - INFO - main.py:156 - get_escalated_tickets - Fetching escalated tickets with limit: 10
2026-07-13 19:46:57 - ai-support-hitl - INFO - main.py:160 - get_escalated_tickets - Fetched 10 escalated tickets
2026-07-13 19:46:57 - ai-support-hitl - INFO - main.py:355 - main - Selected Escalated Ticket: TKT_0039
2026-07-13 19:46:57 - ai-support-hitl - INFO - utils.py:244 - fetch_similar_past_tickets - Fetching similar past tickets for issue: Urgent security breach or payment failure reported...
2026-07-13 19:46:57 - ai-support-hitl - INFO - utils.py:210 - connect_vector_db - Connecting to VectorDB collection: PreviousData
2026-07-13 19:46:58 - chromadb.telemetry.product.posthog - INFO - posthog.py:22 - __init__ - Anonymized telemetry enabled. See                     https://docs.trychroma.com/telemetry for more information.
2026-07-13 19:46:59 - ai-support-hitl - INFO - streamlit_app.py:6 - <module> - Starting Streamlit Application...
2026-07-13 19:46:59 - ai-support-hitl - INFO - streamlit_app.py:17 - <module> - Sample data upload complete. Launching main application...
2026-07-13 19:46:59 - ai-support-hitl - INFO - main.py:31 - main - Loading Environmental Variables...
2026-07-13 19:46:59 - ai-support-hitl - INFO - main.py:37 - main - Connecting to MongoDB...
2026-07-13 19:46:59 - ai-support-hitl - INFO - utils.py:43 - connect_mongo_db - Connecting to MongoDB collection: escalated_tickets
2026-07-13 19:46:59 - ai-support-hitl - INFO - main.py:64 - main - Setting up Streamlit page configuration...
2026-07-13 19:46:59 - ai-support-hitl - INFO - main.py:202 - main - Setting up AI-Support Dashboard...
2026-07-13 19:46:59 - ai-support-hitl - INFO - main.py:208 - main - Sidebar view selected: Escalated
2026-07-13 19:46:59 - ai-support-hitl - INFO - main.py:218 - main - Loading tickets based on selected view...
2026-07-13 19:46:59 - ai-support-hitl - INFO - main.py:156 - get_escalated_tickets - Fetching escalated tickets with limit: 10
2026-07-13 19:46:59 - ai-support-hitl - INFO - main.py:160 - get_escalated_tickets - Fetched 10 escalated tickets
2026-07-13 19:46:59 - ai-support-hitl - INFO - main.py:355 - main - Selected Escalated Ticket: TKT_0039
2026-07-13 19:46:59 - ai-support-hitl - INFO - utils.py:244 - fetch_similar_past_tickets - Fetching similar past tickets for issue: Urgent security breach or payment failure reported...
2026-07-13 19:46:59 - ai-support-hitl - INFO - utils.py:210 - connect_vector_db - Connecting to VectorDB collection: PreviousData
2026-07-13 19:47:04 - httpx - INFO - _client.py:1025 - _send_single_request - HTTP Request: POST https://openrouter.ai/api/v1/embeddings "HTTP/1.1 200 OK"
2026-07-13 19:47:04 - httpx - INFO - _client.py:1025 - _send_single_request - HTTP Request: POST https://openrouter.ai/api/v1/embeddings "HTTP/1.1 200 OK"
2026-07-13 19:47:04 - ai-support-hitl - INFO - utils.py:269 - fetch_similar_policy - Fetching similar policy for issue: Urgent security breach or payment failure reported...
2026-07-13 19:47:04 - ai-support-hitl - INFO - utils.py:210 - connect_vector_db - Connecting to VectorDB collection: Policy
2026-07-13 19:47:04 - ai-support-hitl - INFO - utils.py:269 - fetch_similar_policy - Fetching similar policy for issue: Urgent security breach or payment failure reported...
2026-07-13 19:47:04 - ai-support-hitl - INFO - utils.py:210 - connect_vector_db - Connecting to VectorDB collection: Policy
2026-07-13 19:47:05 - httpx - INFO - _client.py:1025 - _send_single_request - HTTP Request: POST https://openrouter.ai/api/v1/embeddings "HTTP/1.1 200 OK"
2026-07-13 19:47:05 - httpx - INFO - _client.py:1025 - _send_single_request - HTTP Request: POST https://openrouter.ai/api/v1/embeddings "HTTP/1.1 200 OK"
2026-07-13 19:47:06 - ai-support-hitl - INFO - main.py:105 - handle_rephase_using_ai_click - Rephasing text for escalated ticket with temperature 0.5
2026-07-13 19:47:06 - ai-support-hitl - INFO - utils.py:528 - call_llm_to_rephase - Calling LLM to rephase text with temperature: 0.5
2026-07-13 19:47:06 - ai-support-hitl - INFO - utils.py:76 - get_llm_object - Creating LLM object with model: openai/gpt-4o-mini
2026-07-13 19:47:06 - httpx - INFO - _client.py:1025 - _send_single_request - HTTP Request: POST https://openrouter.ai/api/v1/chat/completions "HTTP/1.1 402 Payment Required"
2026-07-13 19:47:06 - ai-support-hitl - ERROR - main.py:117 - handle_rephase_using_ai_click - Error rephasing text: Error code: 402 - {'error': {'message': 'This request requires more credits, or fewer max_tokens. You requested up to 16384 tokens, but can only afford 9576. To increase, visit https://openrouter.ai/settings/credits and upgrade to a paid account', 'code': 402, 'metadata': {'provider_name': None, 'previous_errors': [{'code': 402, 'message': 'This request requires more credits, or fewer max_tokens. You requested up to 16384 tokens, but can only afford 9576. To increase, visit https://openrouter.ai/settings/credits and upgrade to a paid account'}]}}, 'user_id': 'user_36ve0HdYFsKTTGGoJiCMRPL5LC1'}
2026-07-13 19:47:06 - ai-support-hitl - INFO - streamlit_app.py:6 - <module> - Starting Streamlit Application...
2026-07-13 19:47:06 - ai-support-hitl - INFO - streamlit_app.py:17 - <module> - Sample data upload complete. Launching main application...
2026-07-13 19:47:06 - ai-support-hitl - INFO - main.py:31 - main - Loading Environmental Variables...
2026-07-13 19:47:06 - ai-support-hitl - INFO - main.py:37 - main - Connecting to MongoDB...
2026-07-13 19:47:06 - ai-support-hitl - INFO - utils.py:43 - connect_mongo_db - Connecting to MongoDB collection: escalated_tickets
2026-07-13 19:47:06 - ai-support-hitl - INFO - main.py:64 - main - Setting up Streamlit page configuration...
2026-07-13 19:47:06 - ai-support-hitl - INFO - main.py:202 - main - Setting up AI-Support Dashboard...
2026-07-13 19:47:06 - ai-support-hitl - INFO - main.py:208 - main - Sidebar view selected: Escalated
2026-07-13 19:47:06 - ai-support-hitl - INFO - main.py:218 - main - Loading tickets based on selected view...
2026-07-13 19:47:06 - ai-support-hitl - INFO - main.py:156 - get_escalated_tickets - Fetching escalated tickets with limit: 10
2026-07-13 19:47:06 - ai-support-hitl - INFO - main.py:160 - get_escalated_tickets - Fetched 10 escalated tickets
2026-07-13 19:47:06 - ai-support-hitl - INFO - main.py:355 - main - Selected Escalated Ticket: TKT_0039
2026-07-13 19:47:06 - ai-support-hitl - INFO - utils.py:244 - fetch_similar_past_tickets - Fetching similar past tickets for issue: Urgent security breach or payment failure reported...
2026-07-13 19:47:06 - ai-support-hitl - INFO - utils.py:210 - connect_vector_db - Connecting to VectorDB collection: PreviousData
2026-07-13 19:47:06 - httpx - INFO - _client.py:1025 - _send_single_request - HTTP Request: POST https://openrouter.ai/api/v1/embeddings "HTTP/1.1 200 OK"
2026-07-13 19:47:07 - ai-support-hitl - INFO - utils.py:269 - fetch_similar_policy - Fetching similar policy for issue: Urgent security breach or payment failure reported...
2026-07-13 19:47:07 - ai-support-hitl - INFO - utils.py:210 - connect_vector_db - Connecting to VectorDB collection: Policy
2026-07-13 19:47:07 - httpx - INFO - _client.py:1025 - _send_single_request - HTTP Request: POST https://openrouter.ai/api/v1/embeddings "HTTP/1.1 200 OK"
2026-07-13 19:47:12 - ai-support-hitl - INFO - main.py:105 - handle_rephase_using_ai_click - Rephasing text for escalated ticket with temperature 0.5
2026-07-13 19:47:12 - ai-support-hitl - INFO - utils.py:528 - call_llm_to_rephase - Calling LLM to rephase text with temperature: 0.5
2026-07-13 19:47:12 - ai-support-hitl - INFO - utils.py:76 - get_llm_object - Creating LLM object with model: openai/gpt-4o-mini
2026-07-13 19:47:13 - httpx - INFO - _client.py:1025 - _send_single_request - HTTP Request: POST https://openrouter.ai/api/v1/chat/completions "HTTP/1.1 402 Payment Required"
2026-07-13 19:47:13 - ai-support-hitl - ERROR - main.py:117 - handle_rephase_using_ai_click - Error rephasing text: Error code: 402 - {'error': {'message': 'This request requires more credits, or fewer max_tokens. You requested up to 16384 tokens, but can only afford 9576. To increase, visit https://openrouter.ai/settings/credits and upgrade to a paid account', 'code': 402, 'metadata': {'provider_name': None, 'previous_errors': [{'code': 402, 'message': 'This request requires more credits, or fewer max_tokens. You requested up to 16384 tokens, but can only afford 9576. To increase, visit https://openrouter.ai/settings/credits and upgrade to a paid account'}]}}, 'user_id': 'user_36ve0HdYFsKTTGGoJiCMRPL5LC1'}
2026-07-13 19:47:13 - ai-support-hitl - INFO - streamlit_app.py:6 - <module> - Starting Streamlit Application...
2026-07-13 19:47:13 - ai-support-hitl - INFO - streamlit_app.py:17 - <module> - Sample data upload complete. Launching main application...
2026-07-13 19:47:13 - ai-support-hitl - INFO - main.py:31 - main - Loading Environmental Variables...
2026-07-13 19:47:13 - ai-support-hitl - INFO - main.py:37 - main - Connecting to MongoDB...
2026-07-13 19:47:13 - ai-support-hitl - INFO - utils.py:43 - connect_mongo_db - Connecting to MongoDB collection: escalated_tickets
2026-07-13 19:47:13 - ai-support-hitl - INFO - main.py:64 - main - Setting up Streamlit page configuration...
2026-07-13 19:47:13 - ai-support-hitl - INFO - main.py:202 - main - Setting up AI-Support Dashboard...
2026-07-13 19:47:13 - ai-support-hitl - INFO - main.py:208 - main - Sidebar view selected: Escalated
2026-07-13 19:47:13 - ai-support-hitl - INFO - main.py:218 - main - Loading tickets based on selected view...
2026-07-13 19:47:13 - ai-support-hitl - INFO - main.py:156 - get_escalated_tickets - Fetching escalated tickets with limit: 10
2026-07-13 19:47:13 - ai-support-hitl - INFO - main.py:160 - get_escalated_tickets - Fetched 10 escalated tickets
2026-07-13 19:47:13 - ai-support-hitl - INFO - main.py:355 - main - Selected Escalated Ticket: TKT_0039
2026-07-13 19:47:13 - ai-support-hitl - INFO - utils.py:244 - fetch_similar_past_tickets - Fetching similar past tickets for issue: Urgent security breach or payment failure reported...
2026-07-13 19:47:13 - ai-support-hitl - INFO - utils.py:210 - connect_vector_db - Connecting to VectorDB collection: PreviousData
2026-07-13 19:47:13 - httpx - INFO - _client.py:1025 - _send_single_request - HTTP Request: POST https://openrouter.ai/api/v1/embeddings "HTTP/1.1 200 OK"
2026-07-13 19:47:13 - ai-support-hitl - INFO - utils.py:269 - fetch_similar_policy - Fetching similar policy for issue: Urgent security breach or payment failure reported...
2026-07-13 19:47:13 - ai-support-hitl - INFO - utils.py:210 - connect_vector_db - Connecting to VectorDB collection: Policy
2026-07-13 19:47:14 - httpx - INFO - _client.py:1025 - _send_single_request - HTTP Request: POST https://openrouter.ai/api/v1/embeddings "HTTP/1.1 200 OK"
2026-07-13 19:47:20 - ai-support-hitl - INFO - streamlit_app.py:6 - <module> - Starting Streamlit Application...
2026-07-13 19:47:20 - ai-support-hitl - INFO - streamlit_app.py:17 - <module> - Sample data upload complete. Launching main application...
2026-07-13 19:47:20 - ai-support-hitl - INFO - main.py:31 - main - Loading Environmental Variables...
2026-07-13 19:47:20 - ai-support-hitl - INFO - main.py:37 - main - Connecting to MongoDB...
2026-07-13 19:47:20 - ai-support-hitl - INFO - utils.py:43 - connect_mongo_db - Connecting to MongoDB collection: escalated_tickets
2026-07-13 19:47:20 - ai-support-hitl - INFO - main.py:64 - main - Setting up Streamlit page configuration...
2026-07-13 19:47:20 - ai-support-hitl - INFO - main.py:202 - main - Setting up AI-Support Dashboard...
2026-07-13 19:47:20 - ai-support-hitl - INFO - main.py:208 - main - Sidebar view selected: Escalated
2026-07-13 19:47:20 - ai-support-hitl - INFO - main.py:218 - main - Loading tickets based on selected view...
2026-07-13 19:47:20 - ai-support-hitl - INFO - main.py:156 - get_escalated_tickets - Fetching escalated tickets with limit: 10
2026-07-13 19:47:20 - ai-support-hitl - INFO - main.py:160 - get_escalated_tickets - Fetched 10 escalated tickets
2026-07-13 19:47:20 - ai-support-hitl - INFO - main.py:355 - main - Selected Escalated Ticket: TKT_0039
2026-07-13 19:47:20 - ai-support-hitl - INFO - utils.py:244 - fetch_similar_past_tickets - Fetching similar past tickets for issue: Urgent security breach or payment failure reported...
2026-07-13 19:47:20 - ai-support-hitl - INFO - utils.py:210 - connect_vector_db - Connecting to VectorDB collection: PreviousData
2026-07-13 19:47:20 - ai-support-hitl - INFO - main.py:105 - handle_rephase_using_ai_click - Rephasing text for escalated ticket with temperature 0.5
2026-07-13 19:47:20 - ai-support-hitl - INFO - utils.py:528 - call_llm_to_rephase - Calling LLM to rephase text with temperature: 0.5
2026-07-13 19:47:20 - ai-support-hitl - INFO - utils.py:76 - get_llm_object - Creating LLM object with model: openai/gpt-4o-mini
2026-07-13 19:47:20 - httpx - INFO - _client.py:1025 - _send_single_request - HTTP Request: POST https://openrouter.ai/api/v1/embeddings "HTTP/1.1 200 OK"
2026-07-13 19:47:20 - httpx - INFO - _client.py:1025 - _send_single_request - HTTP Request: POST https://openrouter.ai/api/v1/chat/completions "HTTP/1.1 402 Payment Required"
2026-07-13 19:47:20 - ai-support-hitl - ERROR - main.py:117 - handle_rephase_using_ai_click - Error rephasing text: Error code: 402 - {'error': {'message': 'This request requires more credits, or fewer max_tokens. You requested up to 16384 tokens, but can only afford 9576. To increase, visit https://openrouter.ai/settings/credits and upgrade to a paid account', 'code': 402, 'metadata': {'provider_name': None, 'previous_errors': [{'code': 402, 'message': 'This request requires more credits, or fewer max_tokens. You requested up to 16384 tokens, but can only afford 9576. To increase, visit https://openrouter.ai/settings/credits and upgrade to a paid account'}]}}, 'user_id': 'user_36ve0HdYFsKTTGGoJiCMRPL5LC1'}
2026-07-13 19:47:20 - ai-support-hitl - INFO - streamlit_app.py:6 - <module> - Starting Streamlit Application...
2026-07-13 19:47:20 - ai-support-hitl - INFO - streamlit_app.py:17 - <module> - Sample data upload complete. Launching main application...
2026-07-13 19:47:20 - ai-support-hitl - INFO - main.py:31 - main - Loading Environmental Variables...
2026-07-13 19:47:20 - ai-support-hitl - INFO - main.py:37 - main - Connecting to MongoDB...
2026-07-13 19:47:20 - ai-support-hitl - INFO - utils.py:43 - connect_mongo_db - Connecting to MongoDB collection: escalated_tickets
2026-07-13 19:47:20 - ai-support-hitl - INFO - main.py:64 - main - Setting up Streamlit page configuration...
2026-07-13 19:47:20 - ai-support-hitl - INFO - main.py:202 - main - Setting up AI-Support Dashboard...
2026-07-13 19:47:20 - ai-support-hitl - INFO - main.py:208 - main - Sidebar view selected: Escalated
2026-07-13 19:47:20 - ai-support-hitl - INFO - main.py:218 - main - Loading tickets based on selected view...
2026-07-13 19:47:20 - ai-support-hitl - INFO - main.py:156 - get_escalated_tickets - Fetching escalated tickets with limit: 10
2026-07-13 19:47:20 - ai-support-hitl - INFO - main.py:160 - get_escalated_tickets - Fetched 10 escalated tickets
2026-07-13 19:47:20 - ai-support-hitl - INFO - main.py:355 - main - Selected Escalated Ticket: TKT_0039
2026-07-13 19:47:20 - ai-support-hitl - INFO - utils.py:244 - fetch_similar_past_tickets - Fetching similar past tickets for issue: Urgent security breach or payment failure reported...
2026-07-13 19:47:20 - ai-support-hitl - INFO - utils.py:210 - connect_vector_db - Connecting to VectorDB collection: PreviousData
2026-07-13 19:47:20 - httpx - INFO - _client.py:1025 - _send_single_request - HTTP Request: POST https://openrouter.ai/api/v1/embeddings "HTTP/1.1 200 OK"
2026-07-13 19:47:21 - ai-support-hitl - INFO - utils.py:269 - fetch_similar_policy - Fetching similar policy for issue: Urgent security breach or payment failure reported...
2026-07-13 19:47:21 - ai-support-hitl - INFO - utils.py:210 - connect_vector_db - Connecting to VectorDB collection: Policy
2026-07-13 19:47:21 - httpx - INFO - _client.py:1025 - _send_single_request - HTTP Request: POST https://openrouter.ai/api/v1/embeddings "HTTP/1.1 200 OK"
2026-07-13 19:47:25 - ai-support-hitl - INFO - streamlit_app.py:6 - <module> - Starting Streamlit Application...
2026-07-13 19:47:25 - ai-support-hitl - INFO - streamlit_app.py:17 - <module> - Sample data upload complete. Launching main application...
2026-07-13 19:47:25 - ai-support-hitl - INFO - main.py:31 - main - Loading Environmental Variables...
2026-07-13 19:47:25 - ai-support-hitl - INFO - main.py:37 - main - Connecting to MongoDB...
2026-07-13 19:47:25 - ai-support-hitl - INFO - utils.py:43 - connect_mongo_db - Connecting to MongoDB collection: escalated_tickets
2026-07-13 19:47:25 - ai-support-hitl - INFO - main.py:64 - main - Setting up Streamlit page configuration...
2026-07-13 19:47:25 - ai-support-hitl - INFO - main.py:202 - main - Setting up AI-Support Dashboard...
2026-07-13 19:47:25 - ai-support-hitl - INFO - main.py:208 - main - Sidebar view selected: Escalated
2026-07-13 19:47:25 - ai-support-hitl - INFO - main.py:218 - main - Loading tickets based on selected view...
2026-07-13 19:47:25 - ai-support-hitl - INFO - main.py:156 - get_escalated_tickets - Fetching escalated tickets with limit: 10
2026-07-13 19:47:25 - ai-support-hitl - INFO - main.py:160 - get_escalated_tickets - Fetched 10 escalated tickets
2026-07-13 19:47:25 - ai-support-hitl - INFO - main.py:355 - main - Selected Escalated Ticket: TKT_0039
2026-07-13 19:47:25 - ai-support-hitl - INFO - utils.py:244 - fetch_similar_past_tickets - Fetching similar past tickets for issue: Urgent security breach or payment failure reported...
2026-07-13 19:47:25 - ai-support-hitl - INFO - utils.py:210 - connect_vector_db - Connecting to VectorDB collection: PreviousData
2026-07-13 19:47:25 - httpx - INFO - _client.py:1025 - _send_single_request - HTTP Request: POST https://openrouter.ai/api/v1/embeddings "HTTP/1.1 200 OK"
2026-07-13 19:47:26 - ai-support-hitl - INFO - utils.py:269 - fetch_similar_policy - Fetching similar policy for issue: Urgent security breach or payment failure reported...
2026-07-13 19:47:26 - ai-support-hitl - INFO - utils.py:210 - connect_vector_db - Connecting to VectorDB collection: Policy
2026-07-13 19:47:26 - httpx - INFO - _client.py:1025 - _send_single_request - HTTP Request: POST https://openrouter.ai/api/v1/embeddings "HTTP/1.1 200 OK"
2026-07-13 19:47:37 - ai-support-hitl - INFO - streamlit_app.py:6 - <module> - Starting Streamlit Application...
2026-07-13 19:47:37 - ai-support-hitl - INFO - streamlit_app.py:17 - <module> - Sample data upload complete. Launching main application...
2026-07-13 19:47:37 - ai-support-hitl - INFO - main.py:31 - main - Loading Environmental Variables...
2026-07-13 19:47:37 - ai-support-hitl - INFO - main.py:37 - main - Connecting to MongoDB...
2026-07-13 19:47:37 - ai-support-hitl - INFO - utils.py:43 - connect_mongo_db - Connecting to MongoDB collection: escalated_tickets
2026-07-13 19:47:37 - ai-support-hitl - INFO - main.py:64 - main - Setting up Streamlit page configuration...
2026-07-13 19:47:37 - ai-support-hitl - INFO - main.py:202 - main - Setting up AI-Support Dashboard...
2026-07-13 19:47:37 - ai-support-hitl - INFO - main.py:208 - main - Sidebar view selected: Escalated
2026-07-13 19:47:37 - ai-support-hitl - INFO - main.py:218 - main - Loading tickets based on selected view...
2026-07-13 19:47:37 - ai-support-hitl - INFO - main.py:156 - get_escalated_tickets - Fetching escalated tickets with limit: 10
2026-07-13 19:47:37 - ai-support-hitl - INFO - main.py:160 - get_escalated_tickets - Fetched 10 escalated tickets
2026-07-13 19:47:37 - ai-support-hitl - INFO - main.py:355 - main - Selected Escalated Ticket: TKT_0039
2026-07-13 19:47:37 - ai-support-hitl - INFO - utils.py:244 - fetch_similar_past_tickets - Fetching similar past tickets for issue: Urgent security breach or payment failure reported...
2026-07-13 19:47:37 - ai-support-hitl - INFO - utils.py:210 - connect_vector_db - Connecting to VectorDB collection: PreviousData
2026-07-13 19:47:37 - httpx - INFO - _client.py:1025 - _send_single_request - HTTP Request: POST https://openrouter.ai/api/v1/embeddings "HTTP/1.1 200 OK"
2026-07-13 19:47:37 - ai-support-hitl - INFO - main.py:105 - handle_rephase_using_ai_click - Rephasing text for escalated ticket with temperature 1.0
2026-07-13 19:47:37 - ai-support-hitl - INFO - utils.py:528 - call_llm_to_rephase - Calling LLM to rephase text with temperature: 1.0
2026-07-13 19:47:37 - ai-support-hitl - INFO - utils.py:76 - get_llm_object - Creating LLM object with model: openai/gpt-4o-mini
2026-07-13 19:47:38 - httpx - INFO - _client.py:1025 - _send_single_request - HTTP Request: POST https://openrouter.ai/api/v1/chat/completions "HTTP/1.1 402 Payment Required"
2026-07-13 19:47:38 - ai-support-hitl - ERROR - main.py:117 - handle_rephase_using_ai_click - Error rephasing text: Error code: 402 - {'error': {'message': 'This request requires more credits, or fewer max_tokens. You requested up to 16384 tokens, but can only afford 9568. To increase, visit https://openrouter.ai/settings/credits and upgrade to a paid account', 'code': 402, 'metadata': {'provider_name': None, 'previous_errors': [{'code': 402, 'message': 'This request requires more credits, or fewer max_tokens. You requested up to 16384 tokens, but can only afford 9568. To increase, visit https://openrouter.ai/settings/credits and upgrade to a paid account'}]}}, 'user_id': 'user_36ve0HdYFsKTTGGoJiCMRPL5LC1'}
2026-07-13 19:47:38 - ai-support-hitl - INFO - streamlit_app.py:6 - <module> - Starting Streamlit Application...
2026-07-13 19:47:38 - ai-support-hitl - INFO - streamlit_app.py:17 - <module> - Sample data upload complete. Launching main application...
2026-07-13 19:47:38 - ai-support-hitl - INFO - main.py:31 - main - Loading Environmental Variables...
2026-07-13 19:47:38 - ai-support-hitl - INFO - main.py:37 - main - Connecting to MongoDB...
2026-07-13 19:47:38 - ai-support-hitl - INFO - utils.py:43 - connect_mongo_db - Connecting to MongoDB collection: escalated_tickets
2026-07-13 19:47:38 - ai-support-hitl - INFO - main.py:64 - main - Setting up Streamlit page configuration...
2026-07-13 19:47:38 - ai-support-hitl - INFO - main.py:202 - main - Setting up AI-Support Dashboard...
2026-07-13 19:47:38 - ai-support-hitl - INFO - main.py:208 - main - Sidebar view selected: Escalated
2026-07-13 19:47:38 - ai-support-hitl - INFO - main.py:218 - main - Loading tickets based on selected view...
2026-07-13 19:47:38 - ai-support-hitl - INFO - main.py:156 - get_escalated_tickets - Fetching escalated tickets with limit: 10
2026-07-13 19:47:38 - ai-support-hitl - INFO - main.py:160 - get_escalated_tickets - Fetched 10 escalated tickets
2026-07-13 19:47:38 - ai-support-hitl - INFO - main.py:355 - main - Selected Escalated Ticket: TKT_0039
2026-07-13 19:47:38 - ai-support-hitl - INFO - utils.py:244 - fetch_similar_past_tickets - Fetching similar past tickets for issue: Urgent security breach or payment failure reported...
2026-07-13 19:47:38 - ai-support-hitl - INFO - utils.py:210 - connect_vector_db - Connecting to VectorDB collection: PreviousData
2026-07-13 19:47:38 - httpx - INFO - _client.py:1025 - _send_single_request - HTTP Request: POST https://openrouter.ai/api/v1/embeddings "HTTP/1.1 200 OK"
2026-07-13 19:47:39 - ai-support-hitl - INFO - utils.py:269 - fetch_similar_policy - Fetching similar policy for issue: Urgent security breach or payment failure reported...
2026-07-13 19:47:39 - ai-support-hitl - INFO - utils.py:210 - connect_vector_db - Connecting to VectorDB collection: Policy
2026-07-13 19:47:39 - httpx - INFO - _client.py:1025 - _send_single_request - HTTP Request: POST https://openrouter.ai/api/v1/embeddings "HTTP/1.1 200 OK"
2026-07-13 19:52:37 - ai-support-hitl - INFO - sample_data_generation.py:15 - <module> - Connecting to MongoDB at localhost:27017 for sample data generation...
2026-07-13 19:52:37 - ai-support-hitl - INFO - sample_data_generation.py:23 - <module> - Defining collections for sample data generation...
2026-07-13 19:52:37 - ai-support-hitl - INFO - sample_data_generation.py:34 - <module> - Generating sample data...
2026-07-13 19:52:37 - ai-support-hitl - INFO - sample_data_generation.py:56 - <module> - Generating drafted sample data...
2026-07-13 19:52:37 - ai-support-hitl - INFO - sample_data_generation.py:81 - <module> - Generating solved sample data...
2026-07-13 19:52:37 - ai-support-hitl - INFO - sample_data_generation.py:109 - <module> - Generating escalated sample data...
2026-07-13 19:52:37 - ai-support-hitl - INFO - streamlit_app.py:6 - <module> - Starting Streamlit Application...
2026-07-13 19:52:37 - ai-support-hitl - INFO - streamlit_app.py:11 - init_data - Uploading sample data to the database...
2026-07-13 19:52:37 - ai-support-hitl - INFO - sample_data_generation.py:146 - upload_data - Uploading sample data to MongoDB...
2026-07-13 19:52:37 - ai-support-hitl - INFO - sample_data_generation.py:164 - upload_data - 40 documents successfully uploaded.
2026-07-13 19:52:37 - ai-support-hitl - INFO - streamlit_app.py:17 - <module> - Sample data upload complete. Launching main application...
2026-07-13 19:52:37 - ai-support-hitl - INFO - main.py:31 - main - Loading Environmental Variables...
2026-07-13 19:52:37 - ai-support-hitl - INFO - main.py:37 - main - Connecting to MongoDB...
2026-07-13 19:52:37 - ai-support-hitl - INFO - utils.py:43 - connect_mongo_db - Connecting to MongoDB collection: escalated_tickets
2026-07-13 19:52:37 - ai-support-hitl - INFO - main.py:64 - main - Setting up Streamlit page configuration...
2026-07-13 19:52:37 - ai-support-hitl - INFO - main.py:202 - main - Setting up AI-Support Dashboard...
2026-07-13 19:52:37 - ai-support-hitl - INFO - main.py:208 - main - Sidebar view selected: Escalated
2026-07-13 19:52:37 - ai-support-hitl - INFO - main.py:218 - main - Loading tickets based on selected view...
2026-07-13 19:52:37 - ai-support-hitl - INFO - main.py:156 - get_escalated_tickets - Fetching escalated tickets with limit: 10
2026-07-13 19:52:37 - ai-support-hitl - INFO - main.py:160 - get_escalated_tickets - Fetched 10 escalated tickets
2026-07-13 19:52:37 - ai-support-hitl - INFO - main.py:355 - main - Selected Escalated Ticket: TKT_0039
2026-07-13 19:52:37 - ai-support-hitl - INFO - utils.py:244 - fetch_similar_past_tickets - Fetching similar past tickets for issue: Urgent security breach or payment failure reported...
2026-07-13 19:52:37 - ai-support-hitl - INFO - utils.py:210 - connect_vector_db - Connecting to VectorDB collection: PreviousData
2026-07-13 19:52:38 - chromadb.telemetry.product.posthog - INFO - posthog.py:22 - __init__ - Anonymized telemetry enabled. See                     https://docs.trychroma.com/telemetry for more information.
2026-07-13 19:52:44 - httpx - INFO - _client.py:1025 - _send_single_request - HTTP Request: POST https://openrouter.ai/api/v1/embeddings "HTTP/1.1 200 OK"
2026-07-13 19:52:45 - ai-support-hitl - INFO - utils.py:269 - fetch_similar_policy - Fetching similar policy for issue: Urgent security breach or payment failure reported...
2026-07-13 19:52:45 - ai-support-hitl - INFO - utils.py:210 - connect_vector_db - Connecting to VectorDB collection: Policy
2026-07-13 19:52:45 - httpx - INFO - _client.py:1025 - _send_single_request - HTTP Request: POST https://openrouter.ai/api/v1/embeddings "HTTP/1.1 200 OK"
2026-07-13 19:52:59 - ai-support-hitl - INFO - streamlit_app.py:6 - <module> - Starting Streamlit Application...
2026-07-13 19:52:59 - ai-support-hitl - INFO - streamlit_app.py:17 - <module> - Sample data upload complete. Launching main application...
2026-07-13 19:52:59 - ai-support-hitl - INFO - main.py:31 - main - Loading Environmental Variables...
2026-07-13 19:52:59 - ai-support-hitl - INFO - main.py:37 - main - Connecting to MongoDB...
2026-07-13 19:52:59 - ai-support-hitl - INFO - utils.py:43 - connect_mongo_db - Connecting to MongoDB collection: escalated_tickets
2026-07-13 19:52:59 - ai-support-hitl - INFO - main.py:64 - main - Setting up Streamlit page configuration...
2026-07-13 19:52:59 - ai-support-hitl - INFO - main.py:202 - main - Setting up AI-Support Dashboard...
2026-07-13 19:52:59 - ai-support-hitl - INFO - main.py:208 - main - Sidebar view selected: Escalated
2026-07-13 19:52:59 - ai-support-hitl - INFO - main.py:218 - main - Loading tickets based on selected view...
2026-07-13 19:52:59 - ai-support-hitl - INFO - main.py:156 - get_escalated_tickets - Fetching escalated tickets with limit: 10
2026-07-13 19:52:59 - ai-support-hitl - INFO - main.py:160 - get_escalated_tickets - Fetched 10 escalated tickets
2026-07-13 19:52:59 - ai-support-hitl - INFO - main.py:355 - main - Selected Escalated Ticket: TKT_0039
2026-07-13 19:52:59 - ai-support-hitl - INFO - utils.py:244 - fetch_similar_past_tickets - Fetching similar past tickets for issue: Urgent security breach or payment failure reported...
2026-07-13 19:52:59 - ai-support-hitl - INFO - utils.py:210 - connect_vector_db - Connecting to VectorDB collection: PreviousData
2026-07-13 19:52:59 - ai-support-hitl - INFO - main.py:105 - handle_rephase_using_ai_click - Rephasing text for escalated ticket with temperature 0.5
2026-07-13 19:52:59 - ai-support-hitl - INFO - utils.py:528 - call_llm_to_rephase - Calling LLM to rephase text with temperature: 0.5
2026-07-13 19:52:59 - ai-support-hitl - INFO - utils.py:76 - get_llm_object - Creating LLM object with model: openai/gpt-4o-mini
2026-07-13 19:52:59 - httpx - INFO - _client.py:1025 - _send_single_request - HTTP Request: POST https://openrouter.ai/api/v1/embeddings "HTTP/1.1 200 OK"
2026-07-13 19:52:59 - httpx - INFO - _client.py:1025 - _send_single_request - HTTP Request: POST https://openrouter.ai/api/v1/chat/completions "HTTP/1.1 402 Payment Required"
2026-07-13 19:52:59 - ai-support-hitl - ERROR - main.py:117 - handle_rephase_using_ai_click - Error rephasing text: Error code: 402 - {'error': {'message': 'This request requires more credits, or fewer max_tokens. You requested up to 16384 tokens, but can only afford 9566. To increase, visit https://openrouter.ai/settings/credits and upgrade to a paid account', 'code': 402, 'metadata': {'provider_name': None, 'previous_errors': [{'code': 402, 'message': 'This request requires more credits, or fewer max_tokens. You requested up to 16384 tokens, but can only afford 9566. To increase, visit https://openrouter.ai/settings/credits and upgrade to a paid account'}]}}, 'user_id': 'user_36ve0HdYFsKTTGGoJiCMRPL5LC1'}
2026-07-13 19:52:59 - ai-support-hitl - INFO - streamlit_app.py:6 - <module> - Starting Streamlit Application...
2026-07-13 19:52:59 - ai-support-hitl - INFO - streamlit_app.py:17 - <module> - Sample data upload complete. Launching main application...
2026-07-13 19:52:59 - ai-support-hitl - INFO - main.py:31 - main - Loading Environmental Variables...
2026-07-13 19:52:59 - ai-support-hitl - INFO - main.py:37 - main - Connecting to MongoDB...
2026-07-13 19:52:59 - ai-support-hitl - INFO - utils.py:43 - connect_mongo_db - Connecting to MongoDB collection: escalated_tickets
2026-07-13 19:52:59 - ai-support-hitl - INFO - main.py:64 - main - Setting up Streamlit page configuration...
2026-07-13 19:52:59 - ai-support-hitl - INFO - main.py:202 - main - Setting up AI-Support Dashboard...
2026-07-13 19:52:59 - ai-support-hitl - INFO - main.py:208 - main - Sidebar view selected: Escalated
2026-07-13 19:52:59 - ai-support-hitl - INFO - main.py:218 - main - Loading tickets based on selected view...
2026-07-13 19:52:59 - ai-support-hitl - INFO - main.py:156 - get_escalated_tickets - Fetching escalated tickets with limit: 10
2026-07-13 19:52:59 - ai-support-hitl - INFO - main.py:160 - get_escalated_tickets - Fetched 10 escalated tickets
2026-07-13 19:52:59 - ai-support-hitl - INFO - main.py:355 - main - Selected Escalated Ticket: TKT_0039
2026-07-13 19:52:59 - ai-support-hitl - INFO - utils.py:244 - fetch_similar_past_tickets - Fetching similar past tickets for issue: Urgent security breach or payment failure reported...
2026-07-13 19:52:59 - ai-support-hitl - INFO - utils.py:210 - connect_vector_db - Connecting to VectorDB collection: PreviousData
2026-07-13 19:52:59 - httpx - INFO - _client.py:1025 - _send_single_request - HTTP Request: POST https://openrouter.ai/api/v1/embeddings "HTTP/1.1 200 OK"
2026-07-13 19:53:00 - ai-support-hitl - INFO - utils.py:269 - fetch_similar_policy - Fetching similar policy for issue: Urgent security breach or payment failure reported...
2026-07-13 19:53:00 - ai-support-hitl - INFO - utils.py:210 - connect_vector_db - Connecting to VectorDB collection: Policy
2026-07-13 19:53:00 - httpx - INFO - _client.py:1025 - _send_single_request - HTTP Request: POST https://openrouter.ai/api/v1/embeddings "HTTP/1.1 200 OK"
2026-07-13 19:53:12 - ai-support-hitl - INFO - streamlit_app.py:6 - <module> - Starting Streamlit Application...
2026-07-13 19:53:12 - ai-support-hitl - INFO - streamlit_app.py:17 - <module> - Sample data upload complete. Launching main application...
2026-07-13 19:53:12 - ai-support-hitl - INFO - main.py:31 - main - Loading Environmental Variables...
2026-07-13 19:53:12 - ai-support-hitl - INFO - main.py:37 - main - Connecting to MongoDB...
2026-07-13 19:53:12 - ai-support-hitl - INFO - utils.py:43 - connect_mongo_db - Connecting to MongoDB collection: escalated_tickets
2026-07-13 19:53:12 - ai-support-hitl - INFO - main.py:64 - main - Setting up Streamlit page configuration...
2026-07-13 19:53:12 - ai-support-hitl - INFO - main.py:202 - main - Setting up AI-Support Dashboard...
2026-07-13 19:53:12 - ai-support-hitl - INFO - main.py:208 - main - Sidebar view selected: Escalated
2026-07-13 19:53:12 - ai-support-hitl - INFO - main.py:218 - main - Loading tickets based on selected view...
2026-07-13 19:53:12 - ai-support-hitl - INFO - main.py:156 - get_escalated_tickets - Fetching escalated tickets with limit: 10
2026-07-13 19:53:12 - ai-support-hitl - INFO - main.py:160 - get_escalated_tickets - Fetched 10 escalated tickets
2026-07-13 19:53:12 - ai-support-hitl - INFO - main.py:355 - main - Selected Escalated Ticket: TKT_0039
2026-07-13 19:53:12 - ai-support-hitl - INFO - utils.py:244 - fetch_similar_past_tickets - Fetching similar past tickets for issue: Urgent security breach or payment failure reported...
2026-07-13 19:53:12 - ai-support-hitl - INFO - utils.py:210 - connect_vector_db - Connecting to VectorDB collection: PreviousData
2026-07-13 19:53:12 - ai-support-hitl - INFO - main.py:105 - handle_rephase_using_ai_click - Rephasing text for escalated ticket with temperature 0.5
2026-07-13 19:53:12 - ai-support-hitl - INFO - utils.py:528 - call_llm_to_rephase - Calling LLM to rephase text with temperature: 0.5
2026-07-13 19:53:12 - ai-support-hitl - INFO - utils.py:76 - get_llm_object - Creating LLM object with model: openai/gpt-4o-mini
2026-07-13 19:53:12 - httpx - INFO - _client.py:1025 - _send_single_request - HTTP Request: POST https://openrouter.ai/api/v1/embeddings "HTTP/1.1 200 OK"
2026-07-13 19:53:12 - httpx - INFO - _client.py:1025 - _send_single_request - HTTP Request: POST https://openrouter.ai/api/v1/chat/completions "HTTP/1.1 402 Payment Required"
2026-07-13 19:53:12 - ai-support-hitl - ERROR - main.py:117 - handle_rephase_using_ai_click - Error rephasing text: Error code: 402 - {'error': {'message': 'This request requires more credits, or fewer max_tokens. You requested up to 16384 tokens, but can only afford 9565. To increase, visit https://openrouter.ai/settings/credits and upgrade to a paid account', 'code': 402, 'metadata': {'provider_name': None, 'previous_errors': [{'code': 402, 'message': 'This request requires more credits, or fewer max_tokens. You requested up to 16384 tokens, but can only afford 9565. To increase, visit https://openrouter.ai/settings/credits and upgrade to a paid account'}]}}, 'user_id': 'user_36ve0HdYFsKTTGGoJiCMRPL5LC1'}
2026-07-13 19:53:12 - ai-support-hitl - INFO - streamlit_app.py:6 - <module> - Starting Streamlit Application...
2026-07-13 19:53:12 - ai-support-hitl - INFO - streamlit_app.py:17 - <module> - Sample data upload complete. Launching main application...
2026-07-13 19:53:12 - ai-support-hitl - INFO - main.py:31 - main - Loading Environmental Variables...
2026-07-13 19:53:12 - ai-support-hitl - INFO - main.py:37 - main - Connecting to MongoDB...
2026-07-13 19:53:12 - ai-support-hitl - INFO - utils.py:43 - connect_mongo_db - Connecting to MongoDB collection: escalated_tickets
2026-07-13 19:53:12 - ai-support-hitl - INFO - main.py:64 - main - Setting up Streamlit page configuration...
2026-07-13 19:53:12 - ai-support-hitl - INFO - main.py:202 - main - Setting up AI-Support Dashboard...
2026-07-13 19:53:12 - ai-support-hitl - INFO - main.py:208 - main - Sidebar view selected: Escalated
2026-07-13 19:53:12 - ai-support-hitl - INFO - main.py:218 - main - Loading tickets based on selected view...
2026-07-13 19:53:12 - ai-support-hitl - INFO - main.py:156 - get_escalated_tickets - Fetching escalated tickets with limit: 10
2026-07-13 19:53:12 - ai-support-hitl - INFO - main.py:160 - get_escalated_tickets - Fetched 10 escalated tickets
2026-07-13 19:53:12 - ai-support-hitl - INFO - main.py:355 - main - Selected Escalated Ticket: TKT_0039
2026-07-13 19:53:12 - ai-support-hitl - INFO - utils.py:244 - fetch_similar_past_tickets - Fetching similar past tickets for issue: Urgent security breach or payment failure reported...
2026-07-13 19:53:12 - ai-support-hitl - INFO - utils.py:210 - connect_vector_db - Connecting to VectorDB collection: PreviousData
2026-07-13 19:53:12 - httpx - INFO - _client.py:1025 - _send_single_request - HTTP Request: POST https://openrouter.ai/api/v1/embeddings "HTTP/1.1 200 OK"
2026-07-13 19:53:13 - ai-support-hitl - INFO - utils.py:269 - fetch_similar_policy - Fetching similar policy for issue: Urgent security breach or payment failure reported...
2026-07-13 19:53:13 - ai-support-hitl - INFO - utils.py:210 - connect_vector_db - Connecting to VectorDB collection: Policy
2026-07-13 19:53:13 - httpx - INFO - _client.py:1025 - _send_single_request - HTTP Request: POST https://openrouter.ai/api/v1/embeddings "HTTP/1.1 200 OK"
2026-07-13 19:53:23 - ai-support-hitl - INFO - streamlit_app.py:6 - <module> - Starting Streamlit Application...
2026-07-13 19:53:23 - ai-support-hitl - INFO - streamlit_app.py:17 - <module> - Sample data upload complete. Launching main application...
2026-07-13 19:53:23 - ai-support-hitl - INFO - main.py:31 - main - Loading Environmental Variables...
2026-07-13 19:53:23 - ai-support-hitl - INFO - main.py:37 - main - Connecting to MongoDB...
2026-07-13 19:53:23 - ai-support-hitl - INFO - utils.py:43 - connect_mongo_db - Connecting to MongoDB collection: escalated_tickets
2026-07-13 19:53:23 - ai-support-hitl - INFO - main.py:64 - main - Setting up Streamlit page configuration...
2026-07-13 19:53:23 - ai-support-hitl - INFO - main.py:202 - main - Setting up AI-Support Dashboard...
2026-07-13 19:53:23 - ai-support-hitl - INFO - main.py:208 - main - Sidebar view selected: Escalated
2026-07-13 19:53:23 - ai-support-hitl - INFO - main.py:218 - main - Loading tickets based on selected view...
2026-07-13 19:53:23 - ai-support-hitl - INFO - main.py:156 - get_escalated_tickets - Fetching escalated tickets with limit: 10
2026-07-13 19:53:23 - ai-support-hitl - INFO - main.py:160 - get_escalated_tickets - Fetched 10 escalated tickets
2026-07-13 19:53:23 - ai-support-hitl - INFO - main.py:355 - main - Selected Escalated Ticket: TKT_0039
2026-07-13 19:53:23 - ai-support-hitl - INFO - utils.py:244 - fetch_similar_past_tickets - Fetching similar past tickets for issue: Urgent security breach or payment failure reported...
2026-07-13 19:53:23 - ai-support-hitl - INFO - utils.py:210 - connect_vector_db - Connecting to VectorDB collection: PreviousData
2026-07-13 19:53:24 - httpx - INFO - _client.py:1025 - _send_single_request - HTTP Request: POST https://openrouter.ai/api/v1/embeddings "HTTP/1.1 200 OK"
2026-07-13 19:53:24 - ai-support-hitl - INFO - utils.py:269 - fetch_similar_policy - Fetching similar policy for issue: Urgent security breach or payment failure reported...
2026-07-13 19:53:24 - ai-support-hitl - INFO - utils.py:210 - connect_vector_db - Connecting to VectorDB collection: Policy
2026-07-13 19:53:25 - httpx - INFO - _client.py:1025 - _send_single_request - HTTP Request: POST https://openrouter.ai/api/v1/embeddings "HTTP/1.1 200 OK"
2026-07-16 12:40:07 - werkzeug - INFO - _internal.py:97 - _log - [31m[1mWARNING: This is a development server. Do not use it in a production deployment. Use a production WSGI server instead.[0m
 * Running on http://127.0.0.1:5000
2026-07-16 12:40:07 - werkzeug - INFO - _internal.py:97 - _log - [33mPress CTRL+C to quit[0m
2026-07-16 12:40:07 - werkzeug - INFO - _internal.py:97 - _log -  * Restarting with watchdog (windowsapi)
2026-07-16 12:40:11 - werkzeug - WARNING - _internal.py:97 - _log -  * Debugger is active!
2026-07-16 12:40:11 - werkzeug - INFO - _internal.py:97 - _log -  * Debugger PIN: 118-809-744
2026-07-16 12:40:19 - werkzeug - INFO - _internal.py:97 - _log - 127.0.0.1 - - [16/Jul/2026 12:40:19] "GET / HTTP/1.1" 200 -
2026-07-16 12:40:21 - werkzeug - INFO - _internal.py:97 - _log - 127.0.0.1 - - [16/Jul/2026 12:40:21] "[33mGET /service-worker.js HTTP/1.1[0m" 404 -
2026-07-16 12:40:48 - werkzeug - INFO - _internal.py:97 - _log - 127.0.0.1 - - [16/Jul/2026 12:40:48] "[33mGET /service-worker.js HTTP/1.1[0m" 404 -
2026-07-16 12:40:50 - werkzeug - INFO - _internal.py:97 - _log - 127.0.0.1 - - [16/Jul/2026 12:40:50] "[33mGET /service-worker.js HTTP/1.1[0m" 404 -
2026-07-16 12:40:52 - werkzeug - INFO - _internal.py:97 - _log -  * Detected change in 'C:\\Users\\write\\Desktop\\ai hitl\\ai-support-hitl\\.venv\\Lib\\site-packages\\pymongo\\synchronous\\topology.py', reloading
2026-07-16 12:40:52 - werkzeug - INFO - _internal.py:97 - _log - 127.0.0.1 - - [16/Jul/2026 12:40:52] "[35m[1mGET /pending HTTP/1.1[0m" 500 -
2026-07-16 12:40:54 - werkzeug - INFO - _internal.py:97 - _log -  * Restarting with watchdog (windowsapi)
